"","lr_pair","ligand","receptor"
"1","Wnt3_Fzd6","Wnt3","Fzd6"
"2","Wnt3_Egfr","Wnt3","Egfr"
"3","Wnt3_Fzd2","Wnt3","Fzd2"
"4","Wnt3_Lrp5","Wnt3","Lrp5"
"5","Wnt3_Fzd1","Wnt3","Fzd1"
"6","Wnt3_Fzd3","Wnt3","Fzd3"
"7","Wnt3_Fzd8","Wnt3","Fzd8"
"8","Wnt3_Ror1","Wnt3","Ror1"
"9","Wnt3_Lrp6","Wnt3","Lrp6"
"10","Wnt3_Ror2","Wnt3","Ror2"
"11","Wnt3_Fzd5","Wnt3","Fzd5"
"12","Wnt3_Fzd7","Wnt3","Fzd7"
"13","Wnt9a_Egfr","Wnt9a","Egfr"
"14","Wnt9a_Fzd9","Wnt9a","Fzd9"
"15","Wnt9a_Fzd4","Wnt9a","Fzd4"
"16","Wnt9a_Fzd7","Wnt9a","Fzd7"
"17","Fgf23_Fgfr1","Fgf23","Fgfr1"
"18","Fgf23_Fgfr4","Fgf23","Fgfr4"
"19","Fgf23_Fgfr2","Fgf23","Fgfr2"
"20","Fgf23_Fgfr3","Fgf23","Fgfr3"
"21","Fgf23_Kl","Fgf23","Kl"
"22","Fgf6_Fgfr1","Fgf6","Fgfr1"
"23","Fgf6_Fgfr4","Fgf6","Fgfr4"
"24","Fgf6_Fgfr2","Fgf6","Fgfr2"
"25","Fgf6_Fgfr3","Fgf6","Fgfr3"
"26","Ccl2_Ccr4","Ccl2","Ccr4"
"27","Ccl2_Ccr2","Ccl2","Ccr2"
"28","Ccl2_Ackr1","Ccl2","Ackr1"
"29","Ccl2_Ackr2","Ccl2","Ackr2"
"30","Ccl12_Ccr4","Ccl12","Ccr4"
"31","Ccl12_Ccr2","Ccl12","Ccr2"
"32","Cdh1_Itgb7","Cdh1","Itgb7"
"33","Cdh1_Egfr","Cdh1","Egfr"
"34","Cdh1_Fgfr1","Cdh1","Fgfr1"
"35","Cdh1_Ptprj","Cdh1","Ptprj"
"36","Cdh1_Itgae","Cdh1","Itgae"
"37","Cdh1_Ptprm","Cdh1","Ptprm"
"38","Cdh1_Igf1r","Cdh1","Igf1r"
"39","Cdh1_Klrg1","Cdh1","Klrg1"
"40","Ccl11_Ccr2","Ccl11","Ccr2"
"41","Ccl11_Ccr5","Ccl11","Ccr5"
"42","Ccl11_Ackr2","Ccl11","Ackr2"
"43","Ccl11_Cxcr3","Ccl11","Cxcr3"
"44","Ccl11_Ccr3","Ccl11","Ccr3"
"45","Ccl11_Ackr4","Ccl11","Ackr4"
"46","Pdgfb_Lrp1","Pdgfb","Lrp1"
"47","Pdgfb_Pdgfra","Pdgfb","Pdgfra"
"48","Pdgfb_Pdgfrb","Pdgfb","Pdgfrb"
"49","Fasl_Fas","Fasl","Fas"
"50","Il4_Il4ra","Il4","Il4ra"
"51","Il4_Il2ra","Il4","Il2ra"
"52","Il4_Tlr2","Il4","Tlr2"
"53","Il4_Il2rg","Il4","Il2rg"
"54","Il4_Il13ra1","Il4","Il13ra1"
"55","Il4_Il13ra2","Il4","Il13ra2"
"56","Ccl3_Ccr1","Ccl3","Ccr1"
"57","Ccl3_Ccr5","Ccl3","Ccr5"
"58","Ccl3_Ackr2","Ccl3","Ackr2"
"59","Ccl3_Ccr3","Ccl3","Ccr3"
"60","Icam4_Itgav","Icam4","Itgav"
"61","Icam4_Itgam","Icam4","Itgam"
"62","S100a4_Egfr","S100a4","Egfr"
"63","S100a4_Erbb2","S100a4","Erbb2"
"64","Icam2_Itgal","Icam2","Itgal"
"65","Icam2_Itgam","Icam2","Itgam"
"66","Efnb2_Ephb2","Efnb2","Ephb2"
"67","Efnb2_Epha3","Efnb2","Epha3"
"68","Efnb2_Epha4","Efnb2","Epha4"
"69","Efnb2_Ephb3","Efnb2","Ephb3"
"70","Efnb2_Epha7","Efnb2","Epha7"
"71","Efnb2_Ephb4","Efnb2","Ephb4"
"72","Efnb2_Epha6","Efnb2","Epha6"
"73","Efnb2_Ephb6","Efnb2","Ephb6"
"74","Efnb2_Ephb1","Efnb2","Ephb1"
"75","Sost_Lrp6","Sost","Lrp6"
"76","Sost_Lrp5","Sost","Lrp5"
"77","Col1a1_Itgb1","Col1a1","Itgb1"
"78","Col1a1_Cd44","Col1a1","Cd44"
"79","Col1a1_Cd93","Col1a1","Cd93"
"80","Il16_Grin2c","Il16","Grin2c"
"81","Il16_Kcnj4","Il16","Kcnj4"
"82","Il16_Grin2d","Il16","Grin2d"
"83","Il16_Kcna3","Il16","Kcna3"
"84","Il16_Kcnd2","Il16","Kcnd2"
"85","Il16_Kcnj15","Il16","Kcnj15"
"86","Il16_Kcnd1","Il16","Kcnd1"
"87","Il16_Cd4","Il16","Cd4"
"88","Il16_Kcnj10","Il16","Kcnj10"
"89","Angptl4_Gpihbp1","Angptl4","Gpihbp1"
"90","Bmp8b_Acvr2b","Bmp8b","Acvr2b"
"91","Bmp8b_Bmpr1b","Bmp8b","Bmpr1b"
"92","Bmp8b_Acvr2a","Bmp8b","Acvr2a"
"93","Bmp8b_Tgfbr2","Bmp8b","Tgfbr2"
"94","Bmp8b_Bmpr2","Bmp8b","Bmpr2"
"95","Bmp8b_Bmpr1a","Bmp8b","Bmpr1a"
"96","Tgfb1_Tgfbr1","Tgfb1","Tgfbr1"
"97","Tgfb1_Itgb1","Tgfb1","Itgb1"
"98","Tgfb1_Eng","Tgfb1","Eng"
"99","Tgfb1_Sdc2","Tgfb1","Sdc2"
"100","Tgfb1_Tgfbr3","Tgfb1","Tgfbr3"
"101","Tgfb1_Tgfbr2","Tgfb1","Tgfbr2"
"102","Tgfb1_Itgb8","Tgfb1","Itgb8"
"103","Shh_Cdon","Shh","Cdon"
"104","Shh_Pvr","Shh","Pvr"
"105","Shh_Ptch1","Shh","Ptch1"
"106","Shh_Lrp2","Shh","Lrp2"
"107","Shh_Hhip","Shh","Hhip"
"108","Shh_Gpc1","Shh","Gpc1"
"109","Shh_Gpc6","Shh","Gpc6"
"110","Shh_Cav1","Shh","Cav1"
"111","Shh_Gas1","Shh","Gas1"
"112","Shh_Ptch2","Shh","Ptch2"
"113","Pspn_Gfra4","Pspn","Gfra4"
"114","Pspn_Ret","Pspn","Ret"
"115","Lamb1_Itga6","Lamb1","Itga6"
"116","Lamb1_Itgb1","Lamb1","Itgb1"
"117","Efna2_Epha10","Efna2","Epha10"
"118","Efna2_Epha3","Efna2","Epha3"
"119","Efna2_Epha4","Efna2","Epha4"
"120","Efna2_Epha7","Efna2","Epha7"
"121","Efna2_Epha6","Efna2","Epha6"
"122","Efna2_Epha8","Efna2","Epha8"
"123","Efna2_Epha1","Efna2","Epha1"
"124","Efna2_Epha2","Efna2","Epha2"
"125","Efna2_Epha5","Efna2","Epha5"
"126","Ebi3_Il6st","Ebi3","Il6st"
"127","Ebi3_Il27ra","Ebi3","Il27ra"
"128","Comp_Itgav","Comp","Itgav"
"129","Comp_Notch1","Comp","Notch1"
"130","Comp_Notch3","Comp","Notch3"
"131","Comp_Cd47","Comp","Cd47"
"132","Comp_Itga7","Comp","Itga7"
"133","Comp_Cd36","Comp","Cd36"
"134","Tgfb3_Acvr1","Tgfb3","Acvr1"
"135","Tgfb3_Tgfbr1","Tgfb3","Tgfbr1"
"136","Tgfb3_Eng","Tgfb3","Eng"
"137","Tgfb3_Tgfbr3","Tgfb3","Tgfbr3"
"138","Tgfb3_Tgfbr2","Tgfb3","Tgfbr2"
"139","Gdf15_Egfr","Gdf15","Egfr"
"140","Gdf15_Tgfbr1","Gdf15","Tgfbr1"
"141","Gdf15_Ret","Gdf15","Ret"
"142","Gdf15_Tgfbr2","Gdf15","Tgfbr2"
"143","Gdf15_Gfral","Gdf15","Gfral"
"144","Calr_Scarf1","Calr","Scarf1"
"145","Calr_Lrp1","Calr","Lrp1"
"146","Calr_Mpl","Calr","Mpl"
"147","Efnb3_Ephb2","Efnb3","Ephb2"
"148","Efnb3_Epha4","Efnb3","Epha4"
"149","Efnb3_Ephb3","Efnb3","Ephb3"
"150","Efnb3_Ephb6","Efnb3","Ephb6"
"151","Efnb3_Ephb1","Efnb3","Ephb1"
"152","Sst_Sstr3","Sst","Sstr3"
"153","Sst_Sstr2","Sst","Sstr2"
"154","Sst_Sstr4","Sst","Sstr4"
"155","Sst_Sstr5","Sst","Sstr5"
"156","Sst_Sstr1","Sst","Sstr1"
"157","Pgf_Flt1","Pgf","Flt1"
"158","Pgf_Nrp1","Pgf","Nrp1"
"159","Pgf_Nrp2","Pgf","Nrp2"
"160","Pgf_Egfr","Pgf","Egfr"
"161","Ccl24_Ccr2","Ccl24","Ccr2"
"162","Ccl24_Ackr2","Ccl24","Ackr2"
"163","Ccl24_Ccr3","Ccl24","Ccr3"
"164","Zp3_Egfr","Zp3","Egfr"
"165","Zp3_Zp3r","Zp3","Zp3r"
"166","Shbg_Gprc6a","Shbg","Gprc6a"
"167","App_Cd74","App","Cd74"
"168","App_Trpc6","App","Trpc6"
"169","App_Dcc","App","Dcc"
"170","App_Lrp8","App","Lrp8"
"171","App_Sorcs1","App","Sorcs1"
"172","App_Lrp4","App","Lrp4"
"173","App_Casr","App","Casr"
"174","App_Lrp2","App","Lrp2"
"175","App_Tspan12","App","Tspan12"
"176","App_Notch2","App","Notch2"
"177","App_Lrp10","App","Lrp10"
"178","App_Gpr3","App","Gpr3"
"179","App_Tspan15","App","Tspan15"
"180","App_Cd47","App","Cd47"
"181","App_Fpr2","App","Fpr2"
"182","App_Tnfrsf21","App","Tnfrsf21"
"183","App_Lrp1","App","Lrp1"
"184","App_Vldlr","App","Vldlr"
"185","App_Adra2a","App","Adra2a"
"186","App_Notch1","App","Notch1"
"187","App_Lrp6","App","Lrp6"
"188","App_Cav1","App","Cav1"
"189","App_Sorl1","App","Sorl1"
"190","App_Drd3","App","Drd3"
"191","Agrp_Mc5r","Agrp","Mc5r"
"192","Agrp_Mc3r","Agrp","Mc3r"
"193","Agrp_Sdc3","Agrp","Sdc3"
"194","Tnfsf14_Ltbr","Tnfsf14","Ltbr"
"195","Tnfsf14_Fas","Tnfsf14","Fas"
"196","Tnfsf14_Tnfrsf14","Tnfsf14","Tnfrsf14"
"197","Trh_Trhr","Trh","Trhr"
"198","Prl7a2_Prlr","Prl7a2","Prlr"
"199","Prl8a9_Prlr","Prl8a9","Prlr"
"200","Prl8a1_Prlr","Prl8a1","Prlr"
"201","Wnt10a_Fzd10","Wnt10a","Fzd10"
"202","Bmp7_Acvr1","Bmp7","Acvr1"
"203","Bmp7_Acvr2b","Bmp7","Acvr2b"
"204","Bmp7_Bmpr1b","Bmp7","Bmpr1b"
"205","Bmp7_Acvr2a","Bmp7","Acvr2a"
"206","Bmp7_Bmpr2","Bmp7","Bmpr2"
"207","Bmp7_Bmpr1a","Bmp7","Bmpr1a"
"208","Ccl8_Ccr1","Ccl8","Ccr1"
"209","Ccl8_Ccr8","Ccl8","Ccr8"
"210","Ccl8_Ccr2","Ccl8","Ccr2"
"211","Ccl8_Ccr5","Ccl8","Ccr5"
"212","Ccl8_Ccr3","Ccl8","Ccr3"
"213","Rarres2_Ccrl2","Rarres2","Ccrl2"
"214","Timp1_Cd63","Timp1","Cd63"
"215","Timp1_Itgb1","Timp1","Itgb1"
"216","Timp1_Lrp1","Timp1","Lrp1"
"217","Wnt3a_Fzd2","Wnt3a","Fzd2"
"218","Wnt3a_Fzd3","Wnt3a","Fzd3"
"219","Wnt3a_Fzd8","Wnt3a","Fzd8"
"220","Wnt3a_Ptk7","Wnt3a","Ptk7"
"221","Wnt3a_Fzd6","Wnt3a","Fzd6"
"222","Wnt3a_Lrp5","Wnt3a","Lrp5"
"223","Wnt3a_Apcdd1","Wnt3a","Apcdd1"
"224","Wnt3a_Fzd1","Wnt3a","Fzd1"
"225","Wnt3a_Lrp6","Wnt3a","Lrp6"
"226","Wnt3a_Fzd5","Wnt3a","Fzd5"
"227","Wnt3a_Fzd4","Wnt3a","Fzd4"
"228","Wnt3a_Fzd7","Wnt3a","Fzd7"
"229","Psen2_Notch2","Psen2","Notch2"
"230","Wnt2_Fzd2","Wnt2","Fzd2"
"231","Wnt2_Fzd9","Wnt2","Fzd9"
"232","Wnt2_Fzd3","Wnt2","Fzd3"
"233","Wnt2_Fzd8","Wnt2","Fzd8"
"234","Wnt2_Lrp5","Wnt2","Lrp5"
"235","Wnt2_Fzd1","Wnt2","Fzd1"
"236","Wnt2_Fzd5","Wnt2","Fzd5"
"237","Wnt2_Fzd4","Wnt2","Fzd4"
"238","Wnt2_Fzd7","Wnt2","Fzd7"
"239","Bmp5_Bmpr1b","Bmp5","Bmpr1b"
"240","Bmp5_Bmpr2","Bmp5","Bmpr2"
"241","Bmp5_Bmpr1a","Bmp5","Bmpr1a"
"242","Wnt8a_Fzd1","Wnt8a","Fzd1"
"243","Wnt8a_Ptk7","Wnt8a","Ptk7"
"244","Wnt8a_Lrp6","Wnt8a","Lrp6"
"245","Wnt8a_Fzd5","Wnt8a","Fzd5"
"246","Wnt8a_Fzd4","Wnt8a","Fzd4"
"247","Wnt8a_Fzd7","Wnt8a","Fzd7"
"248","Plg_Lrp2","Plg","Lrp2"
"249","Plg_Plgrkt","Plg","Plgrkt"
"250","Plg_Igf2r","Plg","Igf2r"
"251","Csf1_Csf1r","Csf1","Csf1r"
"252","Csf1_Flt4","Csf1","Flt4"
"253","Ceacam16_Tectb","Ceacam16","Tectb"
"254","Ceacam16_Tecta","Ceacam16","Tecta"
"255","Dll1_Notch4","Dll1","Notch4"
"256","Dll1_Notch2","Dll1","Notch2"
"257","Dll1_Notch1","Dll1","Notch1"
"258","Dll1_Notch3","Dll1","Notch3"
"259","Mmp13_Lrp1","Mmp13","Lrp1"
"260","Lama5_Itgb4","Lama5","Itgb4"
"261","Hspa8_Aqp2","Hspa8","Aqp2"
"262","Cd34_Sell","Cd34","Sell"
"263","Cd274_Pdcd1","Cd274","Pdcd1"
"264","Cd274_Cd80","Cd274","Cd80"
"265","Lnx2_Cd8a","Lnx2","Cd8a"
"266","Lnx2_Cxadr","Lnx2","Cxadr"
"267","Il10_Il10ra","Il10","Il10ra"
"268","Il10_Il10rb","Il10","Il10rb"
"269","Prl5a1_Prlr","Prl5a1","Prlr"
"270","Pyy_Npy5r","Pyy","Npy5r"
"271","Pyy_Npy1r","Pyy","Npy1r"
"272","Pyy_Dpp4","Pyy","Dpp4"
"273","Ppy_Npy2r","Ppy","Npy2r"
"274","Vtn_Itgb5","Vtn","Itgb5"
"275","Vtn_Itgav","Vtn","Itgav"
"276","Vtn_Itga8","Vtn","Itga8"
"277","Igfbp4_Lrp6","Igfbp4","Lrp6"
"278","Ada_Adora2b","Ada","Adora2b"
"279","Ada_Dpp4","Ada","Dpp4"
"280","Ada_Adora1","Ada","Adora1"
"281","Mmp9_Ephb2","Mmp9","Ephb2"
"282","Mmp9_Tlr9","Mmp9","Tlr9"
"283","Mmp9_Lrp1","Mmp9","Lrp1"
"284","Mmp9_Tlr4","Mmp9","Tlr4"
"285","Prl3c1_Prlr","Prl3c1","Prlr"
"286","Mfng_Notch1","Mfng","Notch1"
"287","Gdf9_Bmpr1b","Gdf9","Bmpr1b"
"288","Gdf9_Acvr2a","Gdf9","Acvr2a"
"289","Gdf9_Bmpr2","Gdf9","Bmpr2"
"290","Gdf9_Acvr1c","Gdf9","Acvr1c"
"291","Gdf9_Bmpr1a","Gdf9","Bmpr1a"
"292","Wnt9b_Lrp5","Wnt9b","Lrp5"
"293","Wnt9b_Lrp6","Wnt9b","Lrp6"
"294","Wnt9b_Fzd5","Wnt9b","Fzd5"
"295","Tnfsf13_Tnfrsf17","Tnfsf13","Tnfrsf17"
"296","Il3_Il2ra","Il3","Il2ra"
"297","Il3_Il4ra","Il3","Il4ra"
"298","Il3_Csf2rb2","Il3","Csf2rb2"
"299","Il3_Il3ra","Il3","Il3ra"
"300","Csf2_Csf2rb","Csf2","Csf2rb"
"301","Csf2_Csf2ra","Csf2","Csf2ra"
"302","Csf2_Sdc2","Csf2","Sdc2"
"303","Csf2_Csf1r","Csf2","Csf1r"
"304","Csf2_Csf3r","Csf2","Csf3r"
"305","Cxcl16_Cxcr6","Cxcl16","Cxcr6"
"306","Ccl6_Ccr1","Ccl6","Ccr1"
"307","Ccl4_Ccr1","Ccl4","Ccr1"
"308","Ccl4_Ccr8","Ccl4","Ccr8"
"309","Ccl4_Ccr5","Ccl4","Ccr5"
"310","Ccl4_Ackr2","Ccl4","Ackr2"
"311","Ccl4_Ccr3","Ccl4","Ccr3"
"312","Ccl9_Ccr1","Ccl9","Ccr1"
"313","Calm3_Grm7","Calm3","Grm7"
"314","Calm3_Scn10a","Calm3","Scn10a"
"315","Calm3_Scn4a","Calm3","Scn4a"
"316","Calm3_Trpc5","Calm3","Trpc5"
"317","Calm3_Kcnq3","Calm3","Kcnq3"
"318","Calm3_Adcy8","Calm3","Adcy8"
"319","Calm3_Mylk","Calm3","Mylk"
"320","Icam5_Itgal","Icam5","Itgal"
"321","Cd70_Cd27","Cd70","Cd27"
"322","Sema6a_Plxna4","Sema6a","Plxna4"
"323","Sema6a_Plxna2","Sema6a","Plxna2"
"324","Vip_Npr3","Vip","Npr3"
"325","Vip_Dpp4","Vip","Dpp4"
"326","Vip_Ramp2","Vip","Ramp2"
"327","Vip_Vipr1","Vip","Vipr1"
"328","Vip_Adcyap1r1","Vip","Adcyap1r1"
"329","Vip_Ramp1","Vip","Ramp1"
"330","Vip_Ramp3","Vip","Ramp3"
"331","Lama4_Itgb1","Lama4","Itgb1"
"332","Nts_Sort1","Nts","Sort1"
"333","Nts_Ntsr1","Nts","Ntsr1"
"334","Nts_Ntsr2","Nts","Ntsr2"
"335","Ccn2_Egfr","Ccn2","Egfr"
"336","Ccn2_Itga5","Ccn2","Itga5"
"337","Ccn2_Ntrk1","Ccn2","Ntrk1"
"338","Ccn2_Fgfr2","Ccn2","Fgfr2"
"339","Ccn2_Lrp6","Ccn2","Lrp6"
"340","Ccn2_Itgam","Ccn2","Itgam"
"341","Ccn2_Lrp1","Ccn2","Lrp1"
"342","Hsp90b1_Tlr9","Hsp90b1","Tlr9"
"343","Hsp90b1_Lrp1","Hsp90b1","Lrp1"
"344","Hsp90b1_Tlr2","Hsp90b1","Tlr2"
"345","Hsp90b1_Tlr4","Hsp90b1","Tlr4"
"346","Hsp90b1_Lrp6","Hsp90b1","Lrp6"
"347","Fgf18_Fgfr1","Fgf18","Fgfr1"
"348","Fgf18_Fgfr2","Fgf18","Fgfr2"
"349","Fgf18_Fgfr3","Fgf18","Fgfr3"
"350","Madcam1_Itga4","Madcam1","Itga4"
"351","Fgf22_Fgfr1","Fgf22","Fgfr1"
"352","Fgf22_Fgfr2","Fgf22","Fgfr2"
"353","Il13_Il13ra2","Il13","Il13ra2"
"354","Il13_Il13ra1","Il13","Il13ra1"
"355","Il13_Il4ra","Il13","Il4ra"
"356","Pomc_Mc2r","Pomc","Mc2r"
"357","Pomc_Mc4r","Pomc","Mc4r"
"358","Pomc_Oprm1","Pomc","Oprm1"
"359","Pomc_Mc3r","Pomc","Mc3r"
"360","Pomc_Mc1r","Pomc","Mc1r"
"361","Pomc_Mc5r","Pomc","Mc5r"
"362","Pomc_Oprd1","Pomc","Oprd1"
"363","Ccl7_Ccr1","Ccl7","Ccr1"
"364","Ccl7_Ccr2","Ccl7","Ccr2"
"365","Ccl7_Ccr5","Ccl7","Ccr5"
"366","Ccl7_Ccr10","Ccl7","Ccr10"
"367","Ccl7_Cxcr3","Ccl7","Cxcr3"
"368","Ccl7_Ccr3","Ccl7","Ccr3"
"369","Tac4_Tacr1","Tac4","Tacr1"
"370","Gng4_Kcnj6","Gng4","Kcnj6"
"371","Prl7d1_Prlr","Prl7d1","Prlr"
"372","Prl2c5_Prlr","Prl2c5","Prlr"
"373","Prl4a1_Prlr","Prl4a1","Prlr"
"374","Edn1_Ednrb","Edn1","Ednrb"
"375","Edn1_Kel","Edn1","Kel"
"376","Edn1_Ednra","Edn1","Ednra"
"377","Sema4d_Cd72","Sema4d","Cd72"
"378","Sema4d_Plxnb1","Sema4d","Plxnb1"
"379","Sema4d_Erbb2","Sema4d","Erbb2"
"380","Sema4d_Met","Sema4d","Met"
"381","Sema4d_Plxnb2","Sema4d","Plxnb2"
"382","Sema4d_Plxna2","Sema4d","Plxna2"
"383","Cxcl14_Cxcr4","Cxcl14","Cxcr4"
"384","Il9_Il9r","Il9","Il9r"
"385","Thbs4_Notch1","Thbs4","Notch1"
"386","Fgf10_Fgfr1","Fgf10","Fgfr1"
"387","Fgf10_Fgfr2","Fgf10","Fgfr2"
"388","Fgf10_Fgfr3","Fgf10","Fgfr3"
"389","Nid2_Col13a1","Nid2","Col13a1"
"390","Plau_Lrp2","Plau","Lrp2"
"391","Plau_Lrp1","Plau","Lrp1"
"392","Plau_Mrc2","Plau","Mrc2"
"393","Plau_Igf2r","Plau","Igf2r"
"394","Vcl_Alk","Vcl","Alk"
"395","Arf4_Lrp2","Arf4","Lrp2"
"396","Fgf9_Fgfr1","Fgf9","Fgfr1"
"397","Fgf9_Fgfr2","Fgf9","Fgfr2"
"398","Fgf9_Fgfr3","Fgf9","Fgfr3"
"399","Tnfsf11_Lgr4","Tnfsf11","Lgr4"
"400","Tnfsf11_Tnfrsf11b","Tnfsf11","Tnfrsf11b"
"401","Tnfsf11_Itga2b","Tnfsf11","Itga2b"
"402","Tnfsf11_Tnfrsf11a","Tnfsf11","Tnfrsf11a"
"403","Clu_Lrp8","Clu","Lrp8"
"404","Clu_Lrp2","Clu","Lrp2"
"405","Clu_Vldlr","Clu","Vldlr"
"406","Adam2_Itga6","Adam2","Itga6"
"407","Adam2_Itgb1","Adam2","Itgb1"
"408","Adam2_Cd9","Adam2","Cd9"
"409","Adam2_Itga9","Adam2","Itga9"
"410","Fgf17_Fgfr1","Fgf17","Fgfr1"
"411","Fgf17_Fgfr2","Fgf17","Fgfr2"
"412","Fgf17_Fgfr3","Fgf17","Fgfr3"
"413","Gdnf_Gfra4","Gdnf","Gfra4"
"414","Gdnf_Gfra3","Gdnf","Gfra3"
"415","Gdnf_Gfra1","Gdnf","Gfra1"
"416","Gdnf_Sdc3","Gdnf","Sdc3"
"417","Gdnf_Ret","Gdnf","Ret"
"418","Gdnf_Sorl1","Gdnf","Sorl1"
"419","Angpt1_Itga5","Angpt1","Itga5"
"420","Angpt1_Tek","Angpt1","Tek"
"421","Col2a1_Itgav","Col2a1","Itgav"
"422","Col2a1_Itga2b","Col2a1","Itga2b"
"423","Col2a1_Itga2","Col2a1","Itga2"
"424","Col2a1_Itga1","Col2a1","Itga1"
"425","Col2a1_Mag","Col2a1","Mag"
"426","Pla2g10_Pla2r1","Pla2g10","Pla2r1"
"427","Ahsg_Insr","Ahsg","Insr"
"428","Hrg_Erbb3","Hrg","Erbb3"
"429","Hrg_Erbb2","Hrg","Erbb2"
"430","Adipoq_Adipor1","Adipoq","Adipor1"
"431","Adipoq_Adipor2","Adipoq","Adipor2"
"432","Prl2a1_Prlr","Prl2a1","Prlr"
"433","Pros1_Tyro3","Pros1","Tyro3"
"434","Wnt10b_Fzd8","Wnt10b","Fzd8"
"435","Wnt10b_Lrp6","Wnt10b","Lrp6"
"436","Wnt10b_Fzd5","Wnt10b","Fzd5"
"437","Wnt10b_Fzd4","Wnt10b","Fzd4"
"438","Wnt10b_Fzd7","Wnt10b","Fzd7"
"439","Wnt1_Lrp5","Wnt1","Lrp5"
"440","Wnt1_Fzd1","Wnt1","Fzd1"
"441","Wnt1_Fzd10","Wnt1","Fzd10"
"442","Wnt1_Fzd9","Wnt1","Fzd9"
"443","Wnt1_Fzd8","Wnt1","Fzd8"
"444","Wnt1_Lrp6","Wnt1","Lrp6"
"445","Wnt1_Fzd5","Wnt1","Fzd5"
"446","Wnt1_Fzd7","Wnt1","Fzd7"
"447","Npff_Npffr2","Npff","Npffr2"
"448","Cxcl13_Cxcr5","Cxcl13","Cxcr5"
"449","Cxcl13_Cxcr3","Cxcl13","Cxcr3"
"450","Cxcl13_Ackr4","Cxcl13","Ackr4"
"451","Ccl25_Ccr9","Ccl25","Ccr9"
"452","Ccl25_Ackr2","Ccl25","Ackr2"
"453","Ccl25_Ackr4","Ccl25","Ackr4"
"454","Guca2a_Gucy2c","Guca2a","Gucy2c"
"455","Bmp15_Bmpr1b","Bmp15","Bmpr1b"
"456","Bmp15_Bmpr2","Bmp15","Bmpr2"
"457","Bmp15_Acvr1c","Bmp15","Acvr1c"
"458","Bmp15_Bmpr1a","Bmp15","Bmpr1a"
"459","Gnb3_Kcnj6","Gnb3","Kcnj6"
"460","Crisp2_Catsper1","Crisp2","Catsper1"
"461","Tff2_Muc6","Tff2","Muc6"
"462","Ntn3_Dcc","Ntn3","Dcc"
"463","Ntn3_Neo1","Ntn3","Neo1"
"464","C3_Cd46","C3","Cd46"
"465","C3_Cd55","C3","Cd55"
"466","C3_Lrp1","C3","Lrp1"
"467","C3_C3ar1","C3","C3ar1"
"468","C3_Cr2","C3","Cr2"
"469","C3_C5ar2","C3","C5ar2"
"470","C3_Cd19","C3","Cd19"
"471","C3_Itgam","C3","Itgam"
"472","C3_Cd81","C3","Cd81"
"473","Tslp_Crlf2","Tslp","Crlf2"
"474","Apom_Lrp2","Apom","Lrp2"
"475","Ltb_Tnfrsf1a","Ltb","Tnfrsf1a"
"476","Ltb_Ltbr","Ltb","Ltbr"
"477","Tnf_Rhbdf2","Tnf","Rhbdf2"
"478","Tnf_Tnfrsf1a","Tnf","Tnfrsf1a"
"479","Tnf_Tnfrsf1b","Tnf","Tnfrsf1b"
"480","Lta_Tnfrsf1a","Lta","Tnfrsf1a"
"481","Lta_Tnfrsf14","Lta","Tnfrsf14"
"482","Lta_Ltbr","Lta","Ltbr"
"483","Lta_Tnfrsf1b","Lta","Tnfrsf1b"
"484","Hbegf_Erbb3","Hbegf","Erbb3"
"485","Hbegf_Cd9","Hbegf","Cd9"
"486","Hbegf_Erbb2","Hbegf","Erbb2"
"487","Hbegf_Erbb4","Hbegf","Erbb4"
"488","Scgb1a1_Lrp2","Scgb1a1","Lrp2"
"489","Anxa1_Fpr2","Anxa1","Fpr2"
"490","Anxa1_Fpr1","Anxa1","Fpr1"
"491","Anxa1_Dysf","Anxa1","Dysf"
"492","Il33_Il1rl1","Il33","Il1rl1"
"493","Il33_Il1rap","Il33","Il1rap"
"494","Dkk1_Kremen2","Dkk1","Kremen2"
"495","Dkk1_Lrp5","Dkk1","Lrp5"
"496","Dkk1_Lrp6","Dkk1","Lrp6"
"497","Gal_Gpr151","Gal","Gpr151"
"498","Gal_Galr1","Gal","Galr1"
"499","Gal_Galr2","Gal","Galr2"
"500","Vegfb_Flt1","Vegfb","Flt1"
"501","Vegfb_Nrp1","Vegfb","Nrp1"
"502","Rbp4_Stra6","Rbp4","Stra6"
"503","Slit1_Robo2","Slit1","Robo2"
"504","Slit1_Plxna1","Slit1","Plxna1"
"505","Slit1_Gpc1","Slit1","Gpc1"
"506","Slit1_Flrt3","Slit1","Flrt3"
"507","Sema4g_Plxnb2","Sema4g","Plxnb2"
"508","Fgf8_Fgfr1","Fgf8","Fgfr1"
"509","Fgf8_Fgfr2","Fgf8","Fgfr2"
"510","Fgf8_Fgfr3","Fgf8","Fgfr3"
"511","Gdf11_Acvr2b","Gdf11","Acvr2b"
"512","Gdf11_Acvr2a","Gdf11","Acvr2a"
"513","Gdf11_Acvr1c","Gdf11","Acvr1c"
"514","Il23a_Il23r","Il23a","Il23r"
"515","Inhbc_Acvr2b","Inhbc","Acvr2b"
"516","Inhbc_Acvr2a","Inhbc","Acvr2a"
"517","Hras_Tlr9","Hras","Tlr9"
"518","Hras_Tlr2","Hras","Tlr2"
"519","Podxl_Sell","Podxl","Sell"
"520","Nmb_Brs3","Nmb","Brs3"
"521","Il6_Il6ra","Il6","Il6ra"
"522","Il6_Il6st","Il6","Il6st"
"523","Il17a_Il17rd","Il17a","Il17rd"
"524","Il17a_Il17rc","Il17a","Il17rc"
"525","Ctla4_Cd80","Ctla4","Cd80"
"526","Mstn_Acvr2b","Mstn","Acvr2b"
"527","Mstn_Acvr2a","Mstn","Acvr2a"
"528","Nppc_Npr3","Nppc","Npr3"
"529","Nppc_Npr1","Nppc","Npr1"
"530","Nppc_Npr2","Nppc","Npr2"
"531","Il20_Il20rb","Il20","Il20rb"
"532","Il20_Il22ra1","Il20","Il22ra1"
"533","Lamc2_Itga6","Lamc2","Itga6"
"534","Lamc2_Itgb1","Lamc2","Itgb1"
"535","Lamc2_Itgb4","Lamc2","Itgb4"
"536","Xcl1_Xcr1","Xcl1","Xcr1"
"537","Angptl1_Tek","Angptl1","Tek"
"538","Tnfsf4_Traf2","Tnfsf4","Traf2"
"539","Tnfsf4_Tnfrsf4","Tnfsf4","Tnfrsf4"
"540","Cel_Cxcr4","Cel","Cxcr4"
"541","Hc_C5ar2","Hc","C5ar2"
"542","Hc_C5ar1","Hc","C5ar1"
"543","Il1f6_Il1rap","Il1f6","Il1rap"
"544","Il1f6_Il1rl2","Il1f6","Il1rl2"
"545","Il1f8_Il1rap","Il1f8","Il1rap"
"546","Il1f8_Il1rl2","Il1f8","Il1rl2"
"547","Fshb_Fshr","Fshb","Fshr"
"548","Lin7c_Abca1","Lin7c","Abca1"
"549","Lin7c_Htr2c","Lin7c","Htr2c"
"550","Mdk_Itgb1","Mdk","Itgb1"
"551","Mdk_Lrp6","Mdk","Lrp6"
"552","Mdk_Alk","Mdk","Alk"
"553","Mdk_Ptprz1","Mdk","Ptprz1"
"554","Mdk_Lrp1","Mdk","Lrp1"
"555","F2_Thbd","F2","Thbd"
"556","F2_Itga2b","F2","Itga2b"
"557","Jag1_Notch2","Jag1","Notch2"
"558","Jag1_Notch3","Jag1","Notch3"
"559","Oxt_Avpr2","Oxt","Avpr2"
"560","Oxt_Oxtr","Oxt","Oxtr"
"561","Spint1_St14","Spint1","St14"
"562","Bmp2_Acvr2b","Bmp2","Acvr2b"
"563","Bmp2_Bmpr1b","Bmp2","Bmpr1b"
"564","Bmp2_Tgfbr3","Bmp2","Tgfbr3"
"565","Bmp2_Hjv","Bmp2","Hjv"
"566","Bmp2_Acvr2a","Bmp2","Acvr2a"
"567","Bmp2_Bmpr2","Bmp2","Bmpr2"
"568","Bmp2_Acvr1","Bmp2","Acvr1"
"569","Bmp2_Bmpr1a","Bmp2","Bmpr1a"
"570","Il1b_Il1rap","Il1b","Il1rap"
"571","Il1a_Il1rap","Il1a","Il1rap"
"572","Cst3_Lrp2","Cst3","Lrp2"
"573","Angpt4_Tek","Angpt4","Tek"
"574","Edn3_Ednrb","Edn3","Ednrb"
"575","Edn3_Kel","Edn3","Kel"
"576","Edn3_Ednra","Edn3","Ednra"
"577","a_Mc1r","a","Mc1r"
"578","Ghrh_Ghrhr","Ghrh","Ghrhr"
"579","Ghrh_Vipr1","Ghrh","Vipr1"
"580","Il21_Il21r","Il21","Il21r"
"581","Il21_Il2rg","Il21","Il2rg"
"582","Il2_Il2rg","Il2","Il2rg"
"583","Il2_Il2rb","Il2","Il2rb"
"584","Wnt2b_Fzd4","Wnt2b","Fzd4"
"585","Efna1_Epha10","Efna1","Epha10"
"586","Efna1_Epha3","Efna1","Epha3"
"587","Efna1_Epha7","Efna1","Epha7"
"588","Efna1_Epha6","Efna1","Epha6"
"589","Efna1_Epha8","Efna1","Epha8"
"590","Efna1_Epha1","Efna1","Epha1"
"591","Efna1_Epha5","Efna1","Epha5"
"592","Vcam1_Itga4","Vcam1","Itga4"
"593","Vcam1_Itgb1","Vcam1","Itgb1"
"594","Vcam1_Itga9","Vcam1","Itga9"
"595","Sfrp2_Fzd5","Sfrp2","Fzd5"
"596","Pdgfc_Pdgfra","Pdgfc","Pdgfra"
"597","Egf_Erbb3","Egf","Erbb3"
"598","Egf_Erbb2","Egf","Erbb2"
"599","Egf_Erbb4","Egf","Erbb4"
"600","Dkk2_Lrp6","Dkk2","Lrp6"
"601","Efna3_Epha10","Efna3","Epha10"
"602","Efna3_Epha3","Efna3","Epha3"
"603","Efna3_Epha7","Efna3","Epha7"
"604","Efna3_Epha6","Efna3","Epha6"
"605","Efna3_Epha8","Efna3","Epha8"
"606","Efna3_Epha1","Efna3","Epha1"
"607","Efna3_Erbb2","Efna3","Erbb2"
"608","Efna3_Ephb1","Efna3","Ephb1"
"609","Efna3_Epha5","Efna3","Epha5"
"610","Efna4_Epha10","Efna4","Epha10"
"611","Efna4_Epha3","Efna4","Epha3"
"612","Efna4_Epha7","Efna4","Epha7"
"613","Efna4_Epha6","Efna4","Epha6"
"614","Efna4_Epha8","Efna4","Epha8"
"615","Efna4_Epha1","Efna4","Epha1"
"616","Efna4_Epha5","Efna4","Epha5"
"617","Adam15_Itgb1","Adam15","Itgb1"
"618","Adam15_Itga9","Adam15","Itga9"
"619","Sema4a_Plxnb1","Sema4a","Plxnb1"
"620","Sema4a_Plxnb2","Sema4a","Plxnb2"
"621","Ccn1_Itgam","Ccn1","Itgam"
"622","Tnfsf8_Tnfrsf8","Tnfsf8","Tnfrsf8"
"623","Tln1_Itgal","Tln1","Itgal"
"624","Tln1_Itgb1","Tln1","Itgb1"
"625","Col9a2_Mag","Col9a2","Mag"
"626","Edn2_Ednrb","Edn2","Ednrb"
"627","Edn2_Kel","Edn2","Kel"
"628","Edn2_Ednra","Edn2","Ednra"
"629","Sema3c_Plxna4","Sema3c","Plxna4"
"630","Sema3c_Plxnb1","Sema3c","Plxnb1"
"631","Sema3c_Nrp2","Sema3c","Nrp2"
"632","Hgf_Itgb1","Hgf","Itgb1"
"633","Hgf_Nrp2","Hgf","Nrp2"
"634","Hgf_Plxnb1","Hgf","Plxnb1"
"635","Hgf_Met","Hgf","Met"
"636","Rspo1_Lgr4","Rspo1","Lgr4"
"637","Rspo1_Lgr6","Rspo1","Lgr6"
"638","Rspo1_Lrp6","Rspo1","Lrp6"
"639","Rspo1_Znrf3","Rspo1","Znrf3"
"640","Sema3a_Plxna4","Sema3a","Plxna4"
"641","Sema3a_Nrp2","Sema3a","Nrp2"
"642","Sema3a_Plxna1","Sema3a","Plxna1"
"643","Uts2_Uts2r","Uts2","Uts2r"
"644","Cort_Sstr3","Cort","Sstr3"
"645","Cort_Sstr2","Cort","Sstr2"
"646","Cort_Sstr4","Cort","Sstr4"
"647","Cort_Sstr5","Cort","Sstr5"
"648","Cort_Sstr1","Cort","Sstr1"
"649","Cort_Ghsr","Cort","Ghsr"
"650","Draxin_Dcc","Draxin","Dcc"
"651","Gnb1_Kcnj6","Gnb1","Kcnj6"
"652","Nmu_Nmur2","Nmu","Nmur2"
"653","Bmp3_Acvr2b","Bmp3","Acvr2b"
"654","Bmp3_Acvr2a","Bmp3","Acvr2a"
"655","Fgf5_Fgfr1","Fgf5","Fgfr1"
"656","Fgf5_Fgfr2","Fgf5","Fgfr2"
"657","Fgf5_Fgfr3","Fgf5","Fgfr3"
"658","Cxcl5_Cxcr2","Cxcl5","Cxcr2"
"659","Cxcl5_Ackr1","Cxcl5","Ackr1"
"660","Ppbp_Cxcr2","Ppbp","Cxcr2"
"661","Ppbp_Cxcr1","Ppbp","Cxcr1"
"662","Pf4_Thbd","Pf4","Thbd"
"663","Pf4_Fgfr2","Pf4","Fgfr2"
"664","Pf4_Cxcr3","Pf4","Cxcr3"
"665","Pf4_Lrp1","Pf4","Lrp1"
"666","Areg_Erbb3","Areg","Erbb3"
"667","Areg_Erbb2","Areg","Erbb2"
"668","Areg_Erbb4","Areg","Erbb4"
"669","Cxcl3_Cxcr2","Cxcl3","Cxcr2"
"670","Cxcl3_Cxcr3","Cxcl3","Cxcr3"
"671","Cxcl1_Cxcr2","Cxcl1","Cxcr2"
"672","Cxcl1_Cxcr1","Cxcl1","Cxcr1"
"673","Cxcl1_Ackr1","Cxcl1","Ackr1"
"674","Il31_Il31ra","Il31","Il31ra"
"675","Pla2g1b_Pla2r1","Pla2g1b","Pla2r1"
"676","Col1a2_Itgb1","Col1a2","Itgb1"
"677","Col1a2_Itga2","Col1a2","Itga2"
"678","Col1a2_Cd93","Col1a2","Cd93"
"679","Gng11_Kcnj6","Gng11","Kcnj6"
"680","Epo_Mpl","Epo","Mpl"
"681","Gnb2_Kcnj6","Gnb2","Kcnj6"
"682","Npy_Npy4r","Npy","Npy4r"
"683","Npy_Npy5r","Npy","Npy5r"
"684","Npy_Npy1r","Npy","Npy1r"
"685","Npy_Dpp4","Npy","Dpp4"
"686","Npy_Npy6r","Npy","Npy6r"
"687","Npy_Fap","Npy","Fap"
"688","Npvf_Npffr2","Npvf","Npffr2"
"689","Tgfa_Erbb3","Tgfa","Erbb3"
"690","Tgfa_Erbb2","Tgfa","Erbb2"
"691","Tgfa_Erbb4","Tgfa","Erbb4"
"692","Bmp10_Acvr1","Bmp10","Acvr1"
"693","Bmp10_Bmpr2","Bmp10","Bmpr2"
"694","Bmp10_Bmpr1a","Bmp10","Bmpr1a"
"695","Bmp10_Alk","Bmp10","Alk"
"696","Prok2_Prokr2","Prok2","Prokr2"
"697","Prok2_Prokr1","Prok2","Prokr1"
"698","Wnt7a_Fzd1","Wnt7a","Fzd1"
"699","Wnt7a_Fzd9","Wnt7a","Fzd9"
"700","Wnt7a_Fzd3","Wnt7a","Fzd3"
"701","Wnt7a_Adgra2","Wnt7a","Adgra2"
"702","Wnt7a_Lrp6","Wnt7a","Lrp6"
"703","Wnt7a_Fzd5","Wnt7a","Fzd5"
"704","Wnt7a_Fzd4","Wnt7a","Fzd4"
"705","Wnt7a_Fzd7","Wnt7a","Fzd7"
"706","Gdf3_Acvr2b","Gdf3","Acvr2b"
"707","Gdf3_Acvr2a","Gdf3","Acvr2a"
"708","Clec2d_Klrb1b","Clec2d","Klrb1b"
"709","Rtn2_Rtn4r","Rtn2","Rtn4r"
"710","Vasp_Itga4","Vasp","Itga4"
"711","Mfge8_Itgb5","Mfge8","Itgb5"
"712","Mfge8_Itgb1","Mfge8","Itgb1"
"713","Calca_Calcrl","Calca","Calcrl"
"714","Calca_Calcr","Calca","Calcr"
"715","Fgf21_Fgfr1","Fgf21","Fgfr1"
"716","Fgf21_Fgfr2","Fgf21","Fgfr2"
"717","Fgf21_Fgfr3","Fgf21","Fgfr3"
"718","Izumo1_Izumo1r","Izumo1","Izumo1r"
"719","Hpx_Lrp1","Hpx","Lrp1"
"720","Fgf15_Fgfr1","Fgf15","Fgfr1"
"721","Fgf15_Fgfr2","Fgf15","Fgfr2"
"722","Fgf15_Fgfr3","Fgf15","Fgfr3"
"723","Fadd_Tradd","Fadd","Tradd"
"724","Cd40lg_Traf1","Cd40lg","Traf1"
"725","Fgf13_Fgfr1","Fgf13","Fgfr1"
"726","Fgf13_Fgfr2","Fgf13","Fgfr2"
"727","Fgf13_Scn5a","Fgf13","Scn5a"
"728","Fgf13_Fgfr3","Fgf13","Fgfr3"
"729","F9_Lrp1","F9","Lrp1"
"730","F8_Ldlr","F8","Ldlr"
"731","F8_Lrp1","F8","Lrp1"
"732","Fgf16_Fgfr1","Fgf16","Fgfr1"
"733","Fgf16_Fgfr2","Fgf16","Fgfr2"
"734","Fgf16_Fgfr3","Fgf16","Fgfr3"
"735","Bgn_P2rx7","Bgn","P2rx7"
"736","Bgn_Tlr4","Bgn","Tlr4"
"737","Vegfd_Nrp2","Vegfd","Nrp2"
"738","Vegfd_Fgfr2","Vegfd","Fgfr2"
"739","Vegfd_Kdr","Vegfd","Kdr"
"740","Vegfd_Itga9","Vegfd","Itga9"
"741","Angpt2_Itgb1","Angpt2","Itgb1"
"742","Angpt2_Tek","Angpt2","Tek"
"743","Tnfsf13b_Tnfrsf13c","Tnfsf13b","Tnfrsf13c"
"744","Col4a1_Itgb1","Col4a1","Itgb1"
"745","Col4a1_Cd93","Col4a1","Cd93"
"746","Col4a2_Itgb1","Col4a2","Itgb1"
"747","Col4a2_Cd93","Col4a2","Cd93"
"748","Vegfc_Ccbe1","Vegfc","Ccbe1"
"749","Vegfc_Itgb1","Vegfc","Itgb1"
"750","Vegfc_Nrp2","Vegfc","Nrp2"
"751","Vegfc_Kdr","Vegfc","Kdr"
"752","Vegfc_Itga9","Vegfc","Itga9"
"753","Plat_Lrp1","Plat","Lrp1"
"754","Plat_Itgam","Plat","Itgam"
"755","Sfrp1_Fzd2","Sfrp1","Fzd2"
"756","Fgf20_Fgfr1","Fgf20","Fgfr1"
"757","Fgf20_Fgfr2","Fgf20","Fgfr2"
"758","Fgf20_Fgfr3","Fgf20","Fgfr3"
"759","Il15_Il15ra","Il15","Il15ra"
"760","Il15_Il2rb","Il15","Il2rb"
"761","Il15_Il11ra1","Il15","Il11ra1"
"762","Mmp2_Itgb1","Mmp2","Itgb1"
"763","Cx3cl1_Itga4","Cx3cl1","Itga4"
"764","Cx3cl1_Itgb1","Cx3cl1","Itgb1"
"765","Cx3cl1_Cx3cr1","Cx3cl1","Cx3cr1"
"766","Ccl22_Ccr4","Ccl22","Ccr4"
"767","Ccl22_Ackr2","Ccl22","Ackr2"
"768","Ccl22_Dpp4","Ccl22","Dpp4"
"769","Ccl17_Ccr8","Ccl17","Ccr8"
"770","Ccl17_Ccr4","Ccl17","Ccr4"
"771","Ccl17_Ackr1","Ccl17","Ackr1"
"772","Ccl17_Ackr2","Ccl17","Ackr2"
"773","Insl3_Rxfp2","Insl3","Rxfp2"
"774","Insl3_Rxfp1","Insl3","Rxfp1"
"775","Jam3_Itgam","Jam3","Itgam"
"776","Jam3_Itga4","Jam3","Itga4"
"777","Jam3_Itgal","Jam3","Itgal"
"778","Jam3_Itgb1","Jam3","Itgb1"
"779","Apoc3_Ldlr","Apoc3","Ldlr"
"780","Apoc3_Lrp1","Apoc3","Lrp1"
"781","Apoa1_Lrp2","Apoa1","Lrp2"
"782","Lipc_Scarb1","Lipc","Scarb1"
"783","Lipc_Lrp1","Lipc","Lrp1"
"784","Ptgs2_Ptger4","Ptgs2","Ptger4"
"785","Ptgs2_Ptger3","Ptgs2","Ptger3"
"786","Ptgs2_Ptger2","Ptgs2","Ptger2"
"787","Tdgf1_Acvr2b","Tdgf1","Acvr2b"
"788","Tdgf1_Acvr2a","Tdgf1","Acvr2a"
"789","Tdgf1_Gpc1","Tdgf1","Gpc1"
"790","Tdgf1_Fzd7","Tdgf1","Fzd7"
"791","Ucn_Crhr1","Ucn","Crhr1"
"792","Ntng2_Lrrc4c","Ntng2","Lrrc4c"
"793","Ntng2_Lrrc4","Ntng2","Lrrc4"
"794","Avp_Oxtr","Avp","Oxtr"
"795","Lgals3bp_Itgb1","Lgals3bp","Itgb1"
"796","Apob_Lrp2","Apob","Lrp2"
"797","Apob_Scarb1","Apob","Scarb1"
"798","Apob_Apobr","Apob","Apobr"
"799","Apob_Lrp1","Apob","Lrp1"
"800","Apob_Tlr4","Apob","Tlr4"
"801","Apob_Mttp","Apob","Mttp"
"802","Apob_Cd36","Apob","Cd36"
"803","Wnt4_Musk","Wnt4","Musk"
"804","Wnt4_Fzd2","Wnt4","Fzd2"
"805","Wnt4_Fzd1","Wnt4","Fzd1"
"806","Wnt4_Fzd10","Wnt4","Fzd10"
"807","Wnt4_Fzd8","Wnt4","Fzd8"
"808","Wnt4_Fzd5","Wnt4","Fzd5"
"809","Wnt4_Fzd4","Wnt4","Fzd4"
"810","Wnt4_Fzd7","Wnt4","Fzd7"
"811","Fgg_Itga2b","Fgg","Itga2b"
"812","Galp_Galr1","Galp","Galr1"
"813","Galp_Galr2","Galp","Galr2"
"814","Fgf2_Fgfr2","Fgf2","Fgfr2"
"815","Fgf2_Fgfr1","Fgf2","Fgfr1"
"816","Fgf2_Sdc3","Fgf2","Sdc3"
"817","Fgf2_Ptprz1","Fgf2","Ptprz1"
"818","Fgf2_Fgfr3","Fgf2","Fgfr3"
"819","Csf3_Csf3r","Csf3","Csf3r"
"820","Bmp8a_Acvr2b","Bmp8a","Acvr2b"
"821","Bmp8a_Acvr2a","Bmp8a","Acvr2a"
"822","Bmp8a_Tgfbr2","Bmp8a","Tgfbr2"
"823","Bmp8a_Bmpr2","Bmp8a","Bmpr2"
"824","Gdf7_Acvr2a","Gdf7","Acvr2a"
"825","Gdf7_Bmpr2","Gdf7","Bmpr2"
"826","Serpine1_Lrp1b","Serpine1","Lrp1b"
"827","Serpine1_Lrp2","Serpine1","Lrp2"
"828","Serpine1_Lrp1","Serpine1","Lrp1"
"829","Serpine1_Vldlr","Serpine1","Vldlr"
"830","Ccl5_Gpr75","Ccl5","Gpr75"
"831","Ccl5_Ccr4","Ccl5","Ccr4"
"832","Ccl5_Ccrl2","Ccl5","Ccrl2"
"833","Ccl5_Ccr5","Ccl5","Ccr5"
"834","Ccl5_Ackr1","Ccl5","Ackr1"
"835","Ccl5_Ackr2","Ccl5","Ackr2"
"836","Ccl5_Ackr4","Ccl5","Ackr4"
"837","Nodal_Acvr2b","Nodal","Acvr2b"
"838","Nodal_Acvr2a","Nodal","Acvr2a"
"839","Npnt_Itgb1","Npnt","Itgb1"
"840","Lman1_Mcfd2","Lman1","Mcfd2"
"841","Tnfsf10_Tnfrsf11b","Tnfsf10","Tnfrsf11b"
"842","Inha_Acvr2a","Inha","Acvr2a"
"843","Tnfsf9_Traf1","Tnfsf9","Traf1"
"844","Pth2_Ramp1","Pth2","Ramp1"
"845","Mif_Cd74","Mif","Cd74"
"846","Mif_Cxcr2","Mif","Cxcr2"
"847","Mif_Ackr3","Mif","Ackr3"
"848","Mif_Cxcr4","Mif","Cxcr4"
"849","Spon1_Lrp8","Spon1","Lrp8"
"850","Lefty1_Acvr1","Lefty1","Acvr1"
"851","Lefty1_Acvr2b","Lefty1","Acvr2b"
"852","Lefty1_Acvr2a","Lefty1","Acvr2a"
"853","Sct_Sctr","Sct","Sctr"
"854","Rspo4_Lgr4","Rspo4","Lgr4"
"855","Sema7a_Itgb1","Sema7a","Itgb1"
"856","Gng10_Kcnj6","Gng10","Kcnj6"
"857","Wnt8b_Fzd10","Wnt8b","Fzd10"
"858","Wnt8b_Ptk7","Wnt8b","Ptk7"
"859","Wnt8b_Fzd7","Wnt8b","Fzd7"
"860","Amh_Acvr1","Amh","Acvr1"
"861","Il5_Csf2rb","Il5","Csf2rb"
"862","Il5_Il5ra","Il5","Il5ra"
"863","Tgfb2_Tgfbr2","Tgfb2","Tgfbr2"
"864","Iapp_Ramp3","Iapp","Ramp3"
"865","Iapp_Calcr","Iapp","Calcr"
"866","Lama1_Itgb1","Lama1","Itgb1"
"867","Lama1_Itga2","Lama1","Itga2"
"868","Lama1_Itga1","Lama1","Itga1"
"869","Lama1_Itgb4","Lama1","Itgb4"
"870","Lama1_Itga7","Lama1","Itga7"
"871","Pmch_Mchr1","Pmch","Mchr1"
"872","Crp_Tlr4","Crp","Tlr4"
"873","Thbs1_Itga1","Thbs1","Itga1"
"874","Thbs1_Vldlr","Thbs1","Vldlr"
"875","Thbs1_Itgb1","Thbs1","Itgb1"
"876","Thbs1_Ptprj","Thbs1","Ptprj"
"877","Thbs1_Cd47","Thbs1","Cd47"
"878","Thbs1_Itga2","Thbs1","Itga2"
"879","Thbs1_Cd36","Thbs1","Cd36"
"880","Inhbb_Acvr2b","Inhbb","Acvr2b"
"881","Inhbb_Acvr2a","Inhbb","Acvr2a"
"882","Clcf1_Cntfr","Clcf1","Cntfr"
"883","Clcf1_Il6st","Clcf1","Il6st"
"884","Fgf1_Fgfr1","Fgf1","Fgfr1"
"885","Fgf1_Fgfr2","Fgf1","Fgfr2"
"886","Fgf1_Fgfr3","Fgf1","Fgfr3"
"887","Apln_Aplnr","Apln","Aplnr"
"888","Grn_Sort1","Grn","Sort1"
"889","Nrtn_Sdc3","Nrtn","Sdc3"
"890","Prl3a1_Prlr","Prl3a1","Prlr"
"891","Gc_Lrp2","Gc","Lrp2"
"892","Il17f_Il17rc","Il17f","Il17rc"
"893","Cxcl10_Cxcr4","Cxcl10","Cxcr4"
"894","Cxcl10_Cxcr3","Cxcl10","Cxcr3"
"895","Prl3b1_Prlr","Prl3b1","Prlr"
"896","Chad_Itgb1","Chad","Itgb1"
"897","Chad_Itga2","Chad","Itga2"
"898","Inhba_Acvr2b","Inhba","Acvr2b"
"899","Inhba_Acvr2a","Inhba","Acvr2a"
"900","S100b_Fgfr1","S100b","Fgfr1"
"901","Gdf5_Acvr1","Gdf5","Acvr1"
"902","Gdf5_Acvr2b","Gdf5","Acvr2b"
"903","Gdf5_Acvr2a","Gdf5","Acvr2a"
"904","Gdf5_Bmpr2","Gdf5","Bmpr2"
"905","C1qa_Cd93","C1qa","Cd93"
"906","Calm2_Grm7","Calm2","Grm7"
"907","Calm2_Scn10a","Calm2","Scn10a"
"908","Calm2_Cacna1c","Calm2","Cacna1c"
"909","Calm2_Trpc5","Calm2","Trpc5"
"910","Calm2_Kcnq3","Calm2","Kcnq3"
"911","Ctf1_Il6st","Ctf1","Il6st"
"912","Ucn3_Crhr1","Ucn3","Crhr1"
"913","Efnb1_Ephb2","Efnb1","Ephb2"
"914","Efnb1_Ephb4","Efnb1","Ephb4"
"915","Efnb1_Epha6","Efnb1","Epha6"
"916","Efnb1_Ephb6","Efnb1","Ephb6"
"917","Efnb1_Epha5","Efnb1","Epha5"
"918","Rln3_Rxfp2","Rln3","Rxfp2"
"919","Rln3_Rxfp4","Rln3","Rxfp4"
"920","Rln3_Rxfp1","Rln3","Rxfp1"
"921","Rln3_Rxfp3","Rln3","Rxfp3"
"922","Col9a1_Mag","Col9a1","Mag"
"923","Nlgn2_Nrxn1","Nlgn2","Nrxn1"
"924","Nlgn2_Nrxn3","Nlgn2","Nrxn3"
"925","Nlgn2_Nrxn2","Nlgn2","Nrxn2"
"926","Il1f9_Il1rap","Il1f9","Il1rap"
"927","Il1f9_Il1rl2","Il1f9","Il1rl2"
"928","Prl2c1_Prlr","Prl2c1","Prlr"
"929","Lcn2_Lrp2","Lcn2","Lrp2"
"930","Inhbe_Acvr2b","Inhbe","Acvr2b"
"931","Inhbe_Acvr2a","Inhbe","Acvr2a"
"932","Pnoc_Oprl1","Pnoc","Oprl1"
"933","Fn1_Itgb1","Fn1","Itgb1"
"934","Fn1_Itga2b","Fn1","Itga2b"
"935","Fn1_Flrt2","Fn1","Flrt2"
"936","Fn1_Col13a1","Fn1","Col13a1"
"937","Fbln1_Itgb1","Fbln1","Itgb1"
"938","Il18_Il18r1","Il18","Il18r1"
"939","Il18_Il18bp","Il18","Il18bp"
"940","Il27_Il6st","Il27","Il6st"
"941","Qrfp_Qrfpr","Qrfp","Qrfpr"
"942","Pcsk9_Lrp8","Pcsk9","Lrp8"
"943","Pcsk9_Aplp2","Pcsk9","Aplp2"
"944","Pcsk9_Vldlr","Pcsk9","Vldlr"
"945","Pcsk9_Sort1","Pcsk9","Sort1"
"946","Arf6_Pld1","Arf6","Pld1"
"947","Il17c_Il17re","Il17c","Il17re"
"948","Dscam_Dcc","Dscam","Dcc"
"949","Igf1_Insr","Igf1","Insr"
"950","Cd14_Itga4","Cd14","Itga4"
"951","Cd14_Itgb1","Cd14","Itgb1"
"952","Cd14_Tlr9","Cd14","Tlr9"
"953","Fgf4_Fgfr1","Fgf4","Fgfr1"
"954","Fgf4_Fgfr2","Fgf4","Fgfr2"
"955","Fgf4_Fgfr3","Fgf4","Fgfr3"
"956","Gnai2_Adra2b","Gnai2","Adra2b"
"957","Gnai2_Drd2","Gnai2","Drd2"
"958","Gnai2_C5ar1","Gnai2","C5ar1"
"959","Hcrt_Hcrtr2","Hcrt","Hcrtr2"
"960","Hcrt_Hcrtr1","Hcrt","Hcrtr1"
"961","Cd24a_Selp","Cd24a","Selp"
"962","Bdnf_Ntrk2","Bdnf","Ntrk2"
"963","Bdnf_Bex3","Bdnf","Bex3"
"964","Bdnf_Sort1","Bdnf","Sort1"
"965","S100a1_Ryr1","S100a1","Ryr1"
"966","Nxph3_Nrxn2","Nxph3","Nrxn2"
"967","Nxph3_Nrxn1","Nxph3","Nrxn1"
"968","Nxph3_Nrxn3","Nxph3","Nrxn3"
"969","Ucn2_Crhr1","Ucn2","Crhr1"
"970","Crh_Crhr1","Crh","Crhr1"
"971","Fat4_Dchs1","Fat4","Dchs1"
"972","Gdf6_Acvr2a","Gdf6","Acvr2a"
"973","Gdf6_Bmpr2","Gdf6","Bmpr2"
"974","Adam10_Epha3","Adam10","Epha3"
"975","Adam10_Notch3","Adam10","Notch3"
"976","Adam10_Cadm1","Adam10","Cadm1"
"977","Artn_Sdc3","Artn","Sdc3"
"978","Adm2_Calcrl","Adm2","Calcrl"
"979","Wnt5a_Fzd2","Wnt5a","Fzd2"
"980","Wnt5a_Fzd3","Wnt5a","Fzd3"
"981","Wnt5a_Ryk","Wnt5a","Ryk"
"982","Wnt5a_Fzd5","Wnt5a","Fzd5"
"983","Wnt5a_Fzd7","Wnt5a","Fzd7"
"984","Adam12_Itgb1","Adam12","Itgb1"
"985","Adam12_Epha1","Adam12","Epha1"
"986","Amelx_Cd63","Amelx","Cd63"
"987","Nlgn3_Nrxn1","Nlgn3","Nrxn1"
"988","Nlgn3_Nrxn3","Nlgn3","Nrxn3"
"989","Nlgn3_Nrxn2","Nlgn3","Nrxn2"
"990","Agt_Lrp2","Agt","Lrp2"
"991","Agt_Agtr1a","Agt","Agtr1a"
"992","Agt_Agtr1b","Agt","Agtr1b"
"993","Agt_Agtr2","Agt","Agtr2"
"994","Agt_Mas1","Agt","Mas1"
"995","Slit3_Robo3","Slit3","Robo3"
"996","Slit3_Robo2","Slit3","Robo2"
"997","Slit3_Plxna1","Slit3","Plxna1"
"998","Lep_Lrp2","Lep","Lrp2"
"999","Adcyap1_Adrb3","Adcyap1","Adrb3"
"1000","Adcyap1_Ramp2","Adcyap1","Ramp2"
"1001","Lif_Lifr","Lif","Lifr"
"1002","Lif_Il6st","Lif","Il6st"
"1003","Rspo2_Znrf3","Rspo2","Znrf3"
"1004","Adam17_Aplp2","Adam17","Aplp2"
"1005","Adam17_Itgb1","Adam17","Itgb1"
"1006","Adam17_Notch2","Adam17","Notch2"
"1007","Adam17_Ghr","Adam17","Ghr"
"1008","Adam17_Erbb4","Adam17","Erbb4"
"1009","Adam17_Rhbdf2","Adam17","Rhbdf2"
"1010","Dmp1_Phex","Dmp1","Phex"
"1011","Sema5a_Met","Sema5a","Met"
"1012","Sema5a_Plxna1","Sema5a","Plxna1"
"1013","Fgf7_Fgfr1","Fgf7","Fgfr1"
"1014","Fgf7_Fgfr2","Fgf7","Fgfr2"
"1015","Fgf7_Fgfr3","Fgf7","Fgfr3"
"1016","Cthrc1_Fzd3","Cthrc1","Fzd3"
"1017","Alkal2_Alk","Alkal2","Alk"
"1018","Tg_Lrp2","Tg","Lrp2"
"1019","Ntng1_Lrrc4c","Ntng1","Lrrc4c"
"1020","Prl7c1_Prlr","Prl7c1","Prlr"
"1021","Postn_Itgb1","Postn","Itgb1"
"1022","Cxcl12_Itga4","Cxcl12","Itga4"
"1023","Cxcl12_Oprm1","Cxcl12","Oprm1"
"1024","Cxcl12_Itgb1","Cxcl12","Itgb1"
"1025","Prl3d3_Prlr","Prl3d3","Prlr"
"1026","Nrg1_Erbb3","Nrg1","Erbb3"
"1027","Nrg1_Erbb4","Nrg1","Erbb4"
"1028","Sema3e_Plxna1","Sema3e","Plxna1"
"1029","Cxcl17_Gpr35","Cxcl17","Gpr35"
"1030","Bmp4_Bmpr2","Bmp4","Bmpr2"
"1031","Bmp4_Musk","Bmp4","Musk"
"1032","Nlgn1_Nrxn1","Nlgn1","Nrxn1"
"1033","Nlgn1_Nrxn3","Nlgn1","Nrxn3"
"1034","Nlgn1_Nrxn2","Nlgn1","Nrxn2"
"1035","Osm_Lifr","Osm","Lifr"
"1036","Osm_Il6st","Osm","Il6st"
"1037","Osm_Il11ra1","Osm","Il11ra1"
"1038","Cxcl2_Cxcr2","Cxcl2","Cxcr2"
"1039","Jag2_Notch2","Jag2","Notch2"
"1040","Jag2_Notch3","Jag2","Notch3"
"1041","Pdgfa_Pdgfra","Pdgfa","Pdgfra"
"1042","Itgb1bp1_Itgb1","Itgb1bp1","Itgb1"
"1043","Efna5_Ephb2","Efna5","Ephb2"
"1044","Gnb5_Kcnj6","Gnb5","Kcnj6"
"1045","Sftpd_Sirpa","Sftpd","Sirpa"
"1046","Gng8_Kcnj6","Gng8","Kcnj6"
"1047","Pth_Ramp1","Pth","Ramp1"
"1048","Gnas_Ptgdr","Gnas","Ptgdr"
"1049","Gnas_Htr6","Gnas","Htr6"
"1050","Sema3f_Nrp2","Sema3f","Nrp2"
"1051","Prl7b1_Prlr","Prl7b1","Prlr"
"1052","Prl3d2_Prlr","Prl3d2","Prlr"
"1053","Prl3d1_Prlr","Prl3d1","Prlr"
"1054","Adam9_Itgb1","Adam9","Itgb1"
"1055","Hmgb1_Thbd","Hmgb1","Thbd"
"1056","Lefty2_Acvr2b","Lefty2","Acvr2b"
"1057","Tnfsf18_Tnfrsf18","Tnfsf18","Tnfrsf18"
"1058","Icam1_Itgal","Icam1","Itgal"
"1059","Icam1_Ahr","Icam1","Ahr"
"1060","Col4a4_Itgb1","Col4a4","Itgb1"
"1061","Col4a4_Cd93","Col4a4","Cd93"
"1062","Col3a1_Itgb1","Col3a1","Itgb1"
"1063","Col3a1_Mag","Col3a1","Mag"
"1064","Col3a1_Ddr2","Col3a1","Ddr2"
"1065","Gng5_Kcnj6","Gng5","Kcnj6"
"1066","Sema3g_Plxna4","Sema3g","Plxna4"
"1067","Sema3g_Nrp2","Sema3g","Nrp2"
"1068","Prl6a1_Prlr","Prl6a1","Prlr"
"1069","Lama3_Itgb4","Lama3","Itgb4"
"1070","Lama2_Itgb4","Lama2","Itgb4"
"1071","Lama2_Itga7","Lama2","Itga7"
"1072","Ccl26_Ccr2","Ccl26","Ccr2"
"1073","Il11_Il6st","Il11","Il6st"
"1074","Il11_Il11ra1","Il11","Il11ra1"
"1075","Ccl21a_Ccr7","Ccl21a","Ccr7"
"1076","Fgf14_Fgfr2","Fgf14","Fgfr2"
"1077","Prl7a1_Prlr","Prl7a1","Prlr"
"1078","Gng3_Kcnj6","Gng3","Kcnj6"
"1079","Il22_Il22ra1","Il22","Il22ra1"
"1080","Ccl21d_Ccr7","Ccl21d","Ccr7"
"1081","Gng7_Kcnj6","Gng7","Kcnj6"
"1082","Prl2c3_Prlr","Prl2c3","Prlr"
"1083","Fyn_Thy1","Fyn","Thy1"
"1084","Fgf12_Fgfr2","Fgf12","Fgfr2"
"1085","Selplg_Cxcr2","Selplg","Cxcr2"
"1086","Selplg_Selp","Selplg","Selp"
"1087","Psen1_Ephb2","Psen1","Ephb2"
"1088","Psen1_Erbb4","Psen1","Erbb4"
"1089","Sema6d_Plxna4","Sema6d","Plxna4"
"1090","Sema6d_Plxna1","Sema6d","Plxna1"
"1091","Sema6d_Kdr","Sema6d","Kdr"
"1092","Pla2g5_Pla2r1","Pla2g5","Pla2r1"
"1093","Sema3b_Nrp2","Sema3b","Nrp2"
"1094","Sema3b_Plxna1","Sema3b","Plxna1"
"1095","Fgf11_Fgfr2","Fgf11","Fgfr2"
"1096","Gcg_Glp1r","Gcg","Glp1r"
"1097","Btla_Tnfrsf14","Btla","Tnfrsf14"
"1098","Rtn4_Rtn4rl2","Rtn4","Rtn4rl2"
"1099","Nxph2_Nrxn1","Nxph2","Nrxn1"
"1100","Prl2b1_Prlr","Prl2b1","Prlr"
"1101","Fgf3_Fgfr2","Fgf3","Fgfr2"
"1102","Cd160_Tnfrsf14","Cd160","Tnfrsf14"
"1103","Sema6c_Plxna1","Sema6c","Plxna1"
"1104","Lgals9_Clec7a","Lgals9","Clec7a"
"1105","Apoc1_Vldlr","Apoc1","Vldlr"
"1106","Ntn1_Robo3","Ntn1","Robo3"
"1107","Ntn1_Dcc","Ntn1","Dcc"
"1108","Ntn1_Unc5d","Ntn1","Unc5d"
"1109","Wnt7b_Fzd10","Wnt7b","Fzd10"
"1110","Wnt7b_Fzd3","Wnt7b","Fzd3"
"1111","Wnt7b_Fzd7","Wnt7b","Fzd7"
"1112","Vcan_Selp","Vcan","Selp"
"1113","Calm1_Kcnn4","Calm1","Kcnn4"
"1114","Calm1_Cacna1c","Calm1","Cacna1c"
"1115","Calm1_Grm4","Calm1","Grm4"
"1116","Prl8a8_Prlr","Prl8a8","Prlr"
"1117","Prl8a6_Prlr","Prl8a6","Prlr"
"1118","Prl_Prlr","Prl","Prlr"
"1119","Prl2c2_Prlr","Prl2c2","Prlr"
"1120","Cntf_Il6st","Cntf","Il6st"
"1121","Eda_Eda2r","Eda","Eda2r"
"1122","Nrg2_Erbb4","Nrg2","Erbb4"
"1123","Btc_Erbb4","Btc","Erbb4"
"1124","Lgals3_Mag","Lgals3","Mag"
"1125","Afdn_Nrxn3","Afdn","Nrxn3"
"1126","Reln_Vldlr","Reln","Vldlr"
"1127","Nxph1_Nrxn1","Nxph1","Nrxn1"
"1128","Nxph1_Nrxn3","Nxph1","Nrxn3"
"1129","Sytl3_Nrxn1","Sytl3","Nrxn1"
"1130","Slit2_Plxna1","Slit2","Plxna1"
"1131","Col9a3_Mag","Col9a3","Mag"
"1132","Wnt11_Ryk","Wnt11","Ryk"
"1133","Cntn2_Cntn1","Cntn2","Cntn1"
"1134","L1cam_Cntn1","L1cam","Cntn1"
"1135","Rtn4_Ngfr","Rtn4","Ngfr"
"1136","Ngf_Ngfr","Ngf","Ngfr"
"1137","Nts_Ngfr","Nts","Ngfr"
"1138","Ntf3_Ngfr","Ntf3","Ngfr"
"1139","Bdnf_Ngfr","Bdnf","Ngfr"
"1140","Omg_Ngfr","Omg","Ngfr"
"1141","Ntf5_Ngfr","Ntf5","Ngfr"
"1142","App_Ngfr","App","Ngfr"
"1143","Il2_Ngfr","Il2","Ngfr"
"1144","Ccn1_Itgb2","Ccn1","Itgb2"
"1145","C3_Itgb2","C3","Itgb2"
"1146","Jam3_Itgb2","Jam3","Itgb2"
"1147","Fgg_Itgb2","Fgg","Itgb2"
"1148","Bsg_Itgb2","Bsg","Itgb2"
"1149","Fga_Itgb2","Fga","Itgb2"
"1150","Icam1_Itgb2","Icam1","Itgb2"
"1151","Vcam1_Itgb2","Vcam1","Itgb2"
"1152","Spon2_Itgb2","Spon2","Itgb2"
"1153","Mmp9_Itgb2","Mmp9","Itgb2"
"1154","Cd14_Itgb2","Cd14","Itgb2"
"1155","Plau_Itgb2","Plau","Itgb2"
"1156","Plg_Itgb2","Plg","Itgb2"
"1157","Icam5_Itgb2","Icam5","Itgb2"
"1158","Tln1_Itgb2","Tln1","Itgb2"
"1159","Angpt2_Itgb2","Angpt2","Itgb2"
"1160","Icam2_Itgb2","Icam2","Itgb2"
"1161","Hsp90b1_Pparg","Hsp90b1","Pparg"
"1162","Bmp7_Acvrl1","Bmp7","Acvrl1"
"1163","Tgfb1_Acvrl1","Tgfb1","Acvrl1"
"1164","Bmp10_Acvrl1","Bmp10","Acvrl1"
"1165","Gdf2_Acvrl1","Gdf2","Acvrl1"
"1166","Bmp15_Acvr1b","Bmp15","Acvr1b"
"1167","Gdf9_Acvr1b","Gdf9","Acvr1b"
"1168","Gdf3_Acvr1b","Gdf3","Acvr1b"
"1169","Nodal_Acvr1b","Nodal","Acvr1b"
"1170","Inhba_Acvr1b","Inhba","Acvr1b"
"1171","Lefty1_Acvr1b","Lefty1","Acvr1b"
"1172","Lefty2_Acvr1b","Lefty2","Acvr1b"
"1173","Tdgf1_Acvr1b","Tdgf1","Acvr1b"
"1174","Mstn_Acvr1b","Mstn","Acvr1b"
"1175","Gdf11_Acvr1b","Gdf11","Acvr1b"
"1176","Il23a_Il12rb1","Il23a","Il12rb1"
"1177","Il12a_Il12rb1","Il12a","Il12rb1"
"1178","Apob_Lsr","Apob","Lsr"
"1179","Vcam1_Itgb7","Vcam1","Itgb7"
"1180","Madcam1_Itgb7","Madcam1","Itgb7"
"1181","Fn1_Itgb7","Fn1","Itgb7"
"1182","Adam2_Itgb7","Adam2","Itgb7"
"1183","Lamc2_Itga3","Lamc2","Itga3"
"1184","Fn1_Itga3","Fn1","Itga3"
"1185","Reln_Itga3","Reln","Itga3"
"1186","Thbs1_Itga3","Thbs1","Itga3"
"1187","Lgals8_Itga3","Lgals8","Itga3"
"1188","Lgals3_Itga3","Lgals3","Itga3"
"1189","Ihh_Smo","Ihh","Smo"
"1190","Shh_Smo","Shh","Smo"
"1191","Sema5a_Plxnb3","Sema5a","Plxnb3"
"1192","Plau_Plaur","Plau","Plaur"
"1193","Vtn_Plaur","Vtn","Plaur"
"1194","Serpine2_Plaur","Serpine2","Plaur"
"1195","Srpx2_Plaur","Srpx2","Plaur"
"1196","Plg_Plaur","Plg","Plaur"
"1197","Serpine1_Plaur","Serpine1","Plaur"
"1198","Ceacam1_Plaur","Ceacam1","Plaur"
"1199","Mmp12_Plaur","Mmp12","Plaur"
"1200","Adam10_Axl","Adam10","Axl"
"1201","Pros1_Axl","Pros1","Axl"
"1202","Vegfa_Axl","Vegfa","Axl"
"1203","Gas6_Axl","Gas6","Axl"
"1204","Hras_Grin2d","Hras","Grin2d"
"1205","Il17f_Il17ra","Il17f","Il17ra"
"1206","Il17a_Il17ra","Il17a","Il17ra"
"1207","Lama5_Bcam","Lama5","Bcam"
"1208","Eda_Edar","Eda","Edar"
"1209","Fn1_Cd79a","Fn1","Cd79a"
"1210","Psen1_Ncstn","Psen1","Ncstn"
"1211","App_Ncstn","App","Ncstn"
"1212","Ucn3_Crhr2","Ucn3","Crhr2"
"1213","Crh_Crhr2","Crh","Crhr2"
"1214","Ucn2_Crhr2","Ucn2","Crhr2"
"1215","Ucn_Crhr2","Ucn","Crhr2"
"1216","Tslp_Il7r","Tslp","Il7r"
"1217","Il7_Il7r","Il7","Il7r"
"1218","Sema3f_Plxna3","Sema3f","Plxna3"
"1219","Fyn_Cd244a","Fyn","Cd244a"
"1220","Mmp9_Cd44","Mmp9","Cd44"
"1221","Egf_Cd44","Egf","Cd44"
"1222","Bsg_Cd44","Bsg","Cd44"
"1223","Vim_Cd44","Vim","Cd44"
"1224","Mif_Cd44","Mif","Cd44"
"1225","Hgf_Cd44","Hgf","Cd44"
"1226","Mmp7_Cd44","Mmp7","Cd44"
"1227","Anxa2_Cd44","Anxa2","Cd44"
"1228","Fgf1_Cd44","Fgf1","Cd44"
"1229","Has2_Cd44","Has2","Cd44"
"1230","Fgf2_Cd44","Fgf2","Cd44"
"1231","Vcan_Cd44","Vcan","Cd44"
"1232","Spp1_Cd44","Spp1","Cd44"
"1233","Col1a2_Cd44","Col1a2","Cd44"
"1234","Prg4_Cd44","Prg4","Cd44"
"1235","Fn1_Cd44","Fn1","Cd44"
"1236","Bgn_Cd44","Bgn","Cd44"
"1237","Fgf11_Fgfr4","Fgf11","Fgfr4"
"1238","Fgf14_Fgfr4","Fgf14","Fgfr4"
"1239","Fgf16_Fgfr4","Fgf16","Fgfr4"
"1240","Fgf17_Fgfr4","Fgf17","Fgfr4"
"1241","Fgf18_Fgfr4","Fgf18","Fgfr4"
"1242","Fgf1_Fgfr4","Fgf1","Fgfr4"
"1243","Fgf5_Fgfr4","Fgf5","Fgfr4"
"1244","Fgf13_Fgfr4","Fgf13","Fgfr4"
"1245","Fgf2_Fgfr4","Fgf2","Fgfr4"
"1246","Fgf9_Fgfr4","Fgf9","Fgfr4"
"1247","Fgf12_Fgfr4","Fgf12","Fgfr4"
"1248","Fgf8_Fgfr4","Fgf8","Fgfr4"
"1249","Fgf20_Fgfr4","Fgf20","Fgfr4"
"1250","Fgf4_Fgfr4","Fgf4","Fgfr4"
"1251","Fgf15_Fgfr4","Fgf15","Fgfr4"
"1252","Il27_Il27ra","Il27","Il27ra"
"1253","Igf2_Igf1r","Igf2","Igf1r"
"1254","Igf1_Igf1r","Igf1","Igf1r"
"1255","Wnt3a_Igf1r","Wnt3a","Igf1r"
"1256","Areg_Igf1r","Areg","Igf1r"
"1257","Gnai2_Igf1r","Gnai2","Igf1r"
"1258","Gpc3_Igf1r","Gpc3","Igf1r"
"1259","Adam10_Fcer2a","Adam10","Fcer2a"
"1260","Kitl_Kit","Kitl","Kit"
"1261","Il33_Kit","Il33","Kit"
"1262","Fgf2_Kit","Fgf2","Kit"
"1263","Pthlh_Pth1r","Pthlh","Pth1r"
"1264","Pth_Pth1r","Pth","Pth1r"
"1265","Gnas_Pth1r","Gnas","Pth1r"
"1266","Calm1_Cnga2","Calm1","Cnga2"
"1267","Efnb1_Ephb3","Efnb1","Ephb3"
"1268","Epo_Epor","Epo","Epor"
"1269","Kitl_Epor","Kitl","Epor"
"1270","Afdn_Nectin4","Afdn","Nectin4"
"1271","Adam17_Nectin4","Adam17","Nectin4"
"1272","Efna5_Epha2","Efna5","Epha2"
"1273","Efna1_Epha2","Efna1","Epha2"
"1274","Efna3_Epha2","Efna3","Epha2"
"1275","Efna4_Epha2","Efna4","Epha2"
"1276","Bmp15_Tgfbr1","Bmp15","Tgfbr1"
"1277","Gdf9_Tgfbr1","Gdf9","Tgfbr1"
"1278","Gdf11_Tgfbr1","Gdf11","Tgfbr1"
"1279","Tgfb2_Tgfbr1","Tgfb2","Tgfbr1"
"1280","Bmp8a_Tgfbr1","Bmp8a","Tgfbr1"
"1281","Mstn_Tgfbr1","Mstn","Tgfbr1"
"1282","Tdgf1_Tgfbr1","Tdgf1","Tgfbr1"
"1283","Bmp10_Tgfbr1","Bmp10","Tgfbr1"
"1284","Inhba_Tgfbr1","Inhba","Tgfbr1"
"1285","Gdf3_Tgfbr1","Gdf3","Tgfbr1"
"1286","Egf_Cav1","Egf","Cav1"
"1287","Bsg_Cav1","Bsg","Cav1"
"1288","Igfbp5_Cav1","Igfbp5","Cav1"
"1289","Gnai2_Cav1","Gnai2","Cav1"
"1290","Hras_Cav1","Hras","Cav1"
"1291","Clcf1_Crlf1","Clcf1","Crlf1"
"1292","Calm1_Kcnq1","Calm1","Kcnq1"
"1293","Calml3_Kcnq1","Calml3","Kcnq1"
"1294","Bmp10_Eng","Bmp10","Eng"
"1295","Tnfsf13_Tnfrsf13b","Tnfsf13","Tnfrsf13b"
"1296","Tnfsf13b_Tnfrsf13b","Tnfsf13b","Tnfrsf13b"
"1297","Vip_Vipr2","Vip","Vipr2"
"1298","Sct_Vipr2","Sct","Vipr2"
"1299","Adcyap1_Vipr2","Adcyap1","Vipr2"
"1300","Fgf8_Fgfrl1","Fgf8","Fgfrl1"
"1301","Fgf2_Fgfrl1","Fgf2","Fgfrl1"
"1302","Pros1_Mertk","Pros1","Mertk"
"1303","Gas6_Mertk","Gas6","Mertk"
"1304","Lgals3_Mertk","Lgals3","Mertk"
"1305","Sema3c_Plxnd1","Sema3c","Plxnd1"
"1306","Sema4a_Plxnd1","Sema4a","Plxnd1"
"1307","Sema3e_Plxnd1","Sema3e","Plxnd1"
"1308","Hmgb1_Ager","Hmgb1","Ager"
"1309","S100a9_Ager","S100a9","Ager"
"1310","Dll4_Notch4","Dll4","Notch4"
"1311","Dll3_Notch4","Dll3","Notch4"
"1312","Psen1_Notch4","Psen1","Notch4"
"1313","Jag1_Notch4","Jag1","Notch4"
"1314","Jag2_Notch4","Jag2","Notch4"
"1315","Il25_Il17rb","Il25","Il17rb"
"1316","Il17b_Il17rb","Il17b","Il17rb"
"1317","Apoe_Sdc4","Apoe","Sdc4"
"1318","Adam12_Sdc4","Adam12","Sdc4"
"1319","Ptn_Sdc4","Ptn","Sdc4"
"1320","Rspo3_Sdc4","Rspo3","Sdc4"
"1321","Ceacam1_Sdc4","Ceacam1","Sdc4"
"1322","Tnc_Sdc4","Tnc","Sdc4"
"1323","Cxcl10_Sdc4","Cxcl10","Sdc4"
"1324","Tgm2_Sdc4","Tgm2","Sdc4"
"1325","Fgf2_Sdc4","Fgf2","Sdc4"
"1326","Htra2_Cd40","Htra2","Cd40"
"1327","Ltb_Cd40","Ltb","Cd40"
"1328","Lgals9_Cd40","Lgals9","Cd40"
"1329","Tnf_Cd40","Tnf","Cd40"
"1330","Adam17_Cd40","Adam17","Cd40"
"1331","Cd40lg_Cd40","Cd40lg","Cd40"
"1332","Ntn1_Adora2b","Ntn1","Adora2b"
"1333","Ptpn6_Cd22","Ptpn6","Cd22"
"1334","St6gal1_Cd22","St6gal1","Cd22"
"1335","Ptgs2_Ptger1","Ptgs2","Ptger1"
"1336","Nmb_Nmbr","Nmb","Nmbr"
"1337","Grp_Nmbr","Grp","Nmbr"
"1338","Ptpn6_Ros1","Ptpn6","Ros1"
"1339","Ptpn11_Ros1","Ptpn11","Ros1"
"1340","Il19_Il20ra","Il19","Il20ra"
"1341","Il24_Il20ra","Il24","Il20ra"
"1342","Il20_Il20ra","Il20","Il20ra"
"1343","Ifng_Ifngr1","Ifng","Ifngr1"
"1344","Tac1_Tacr2","Tac1","Tacr2"
"1345","Tac2_Tacr2","Tac2","Tacr2"
"1346","Npvf_Npffr1","Npvf","Npffr1"
"1347","Npff_Npffr1","Npff","Npffr1"
"1348","Selplg_Vsir","Selplg","Vsir"
"1349","Cxcl12_Avpr1a","Cxcl12","Avpr1a"
"1350","Avp_Avpr1a","Avp","Avpr1a"
"1351","Ang_Egfr","Ang","Egfr"
"1352","Tnfsf12_Egfr","Tnfsf12","Egfr"
"1353","Egf_Egfr","Egf","Egfr"
"1354","Btc_Egfr","Btc","Egfr"
"1355","Ereg_Egfr","Ereg","Egfr"
"1356","Spink1_Egfr","Spink1","Egfr"
"1357","Il6_Egfr","Il6","Egfr"
"1358","Tnc_Egfr","Tnc","Egfr"
"1359","Hsp90aa1_Egfr","Hsp90aa1","Egfr"
"1360","Vcan_Egfr","Vcan","Egfr"
"1361","Postn_Egfr","Postn","Egfr"
"1362","Efnb1_Egfr","Efnb1","Egfr"
"1363","Hbegf_Egfr","Hbegf","Egfr"
"1364","Osm_Egfr","Osm","Egfr"
"1365","Areg_Egfr","Areg","Egfr"
"1366","Nrg1_Egfr","Nrg1","Egfr"
"1367","Lrig1_Egfr","Lrig1","Egfr"
"1368","Tgfa_Egfr","Tgfa","Egfr"
"1369","Epgn_Egfr","Epgn","Egfr"
"1370","Rspo1_Lgr5","Rspo1","Lgr5"
"1371","Rspo2_Lgr5","Rspo2","Lgr5"
"1372","Rspo3_Lgr5","Rspo3","Lgr5"
"1373","Rspo4_Lgr5","Rspo4","Lgr5"
"1374","Has2_Hmmr","Has2","Hmmr"
"1375","Pdgfc_Flt4","Pdgfc","Flt4"
"1376","Vegfd_Flt4","Vegfd","Flt4"
"1377","Vegfc_Flt4","Vegfc","Flt4"
"1378","Agtrap_Rack1","Agtrap","Rack1"
"1379","Dkk3_Kremen1","Dkk3","Kremen1"
"1380","Dkk4_Kremen1","Dkk4","Kremen1"
"1381","Dkk1_Kremen1","Dkk1","Kremen1"
"1382","Lgals9_Havcr2","Lgals9","Havcr2"
"1383","Hmgb1_Havcr2","Hmgb1","Havcr2"
"1384","Lypd3_Agr2","Lypd3","Agr2"
"1385","Apoe_Sdc1","Apoe","Sdc1"
"1386","Ptn_Sdc1","Ptn","Sdc1"
"1387","Thbs1_Sdc1","Thbs1","Sdc1"
"1388","Fgf2_Sdc1","Fgf2","Sdc1"
"1389","Sema6d_Nrcam","Sema6d","Nrcam"
"1390","Vwf_Itgb3","Vwf","Itgb3"
"1391","Angptl3_Itgb3","Angptl3","Itgb3"
"1392","Cx3cl1_Itgb3","Cx3cl1","Itgb3"
"1393","Hmgb1_Itgb3","Hmgb1","Itgb3"
"1394","Cxcl12_Itgb3","Cxcl12","Itgb3"
"1395","Fga_Itgb3","Fga","Itgb3"
"1396","Tnc_Itgb3","Tnc","Itgb3"
"1397","Fgf2_Itgb3","Fgf2","Itgb3"
"1398","L1cam_Itgb3","L1cam","Itgb3"
"1399","Postn_Itgb3","Postn","Itgb3"
"1400","Spp1_Itgb3","Spp1","Itgb3"
"1401","Vegfa_Itgb3","Vegfa","Itgb3"
"1402","Igf1_Itgb3","Igf1","Itgb3"
"1403","Reln_Itgb3","Reln","Itgb3"
"1404","Thbs1_Itgb3","Thbs1","Itgb3"
"1405","Mfge8_Itgb3","Mfge8","Itgb3"
"1406","Lgals3_Itgb3","Lgals3","Itgb3"
"1407","Mmp2_Itgb3","Mmp2","Itgb3"
"1408","Calm1_Scn4a","Calm1","Scn4a"
"1409","Calm2_Scn4a","Calm2","Scn4a"
"1410","Cd40lg_Traf3","Cd40lg","Traf3"
"1411","S100a1_Ryr2","S100a1","Ryr2"
"1412","Gdf5_Ror2","Gdf5","Ror2"
"1413","Wnt5a_Ror2","Wnt5a","Ror2"
"1414","Ihh_Ptch1","Ihh","Ptch1"
"1415","F2_F2rl2","F2","F2rl2"
"1416","F7_F2rl1","F7","F2rl1"
"1417","F2_F2rl1","F2","F2rl1"
"1418","Tnfsf10_Tnfrsf10b","Tnfsf10","Tnfrsf10b"
"1419","Fadd_Tnfrsf10b","Fadd","Tnfrsf10b"
"1420","Nrtn_Gfra2","Nrtn","Gfra2"
"1421","Gdnf_Gfra2","Gdnf","Gfra2"
"1422","Artn_Gfra2","Artn","Gfra2"
"1423","Osm_Osmr","Osm","Osmr"
"1424","Il31_Osmr","Il31","Osmr"
"1425","Vegfa_Sdc2","Vegfa","Sdc2"
"1426","Ptn_Sdc2","Ptn","Sdc2"
"1427","Hgf_Sdc2","Hgf","Sdc2"
"1428","Fgf2_Sdc2","Fgf2","Sdc2"
"1429","Mmp2_Sdc2","Mmp2","Sdc2"
"1430","Cthrc1_Fzd6","Cthrc1","Fzd6"
"1431","Wnt4_Fzd6","Wnt4","Fzd6"
"1432","Wnt5a_Fzd6","Wnt5a","Fzd6"
"1433","Wnt10b_Fzd6","Wnt10b","Fzd6"
"1434","Wnt1_Fzd6","Wnt1","Fzd6"
"1435","Calm1_Adcy8","Calm1","Adcy8"
"1436","Calm2_Adcy8","Calm2","Adcy8"
"1437","Nptx2_Nptxr","Nptx2","Nptxr"
"1438","Nptx1_Nptxr","Nptx1","Nptxr"
"1439","Angptl3_Itga5","Angptl3","Itga5"
"1440","Cxcl12_Itga5","Cxcl12","Itga5"
"1441","Fga_Itga5","Fga","Itga5"
"1442","Fgg_Itga5","Fgg","Itga5"
"1443","Fgb_Itga5","Fgb","Itga5"
"1444","L1cam_Itga5","L1cam","Itga5"
"1445","Postn_Itga5","Postn","Itga5"
"1446","Fn1_Itga5","Fn1","Itga5"
"1447","Reln_Itga5","Reln","Itga5"
"1448","Adam17_Itga5","Adam17","Itga5"
"1449","Thbs1_Itga5","Thbs1","Itga5"
"1450","Angpt2_Itga5","Angpt2","Itga5"
"1451","Tnfsf13b_Tnfrsf17","Tnfsf13b","Tnfrsf17"
"1452","Angptl8_Gpihbp1","Angptl8","Gpihbp1"
"1453","Apoc3_Gpihbp1","Apoc3","Gpihbp1"
"1454","Cd6_Alcam","Cd6","Alcam"
"1455","S100b_Alcam","S100b","Alcam"
"1456","Afdn_Nectin3","Afdn","Nectin3"
"1457","Trf_Tfrc","Trf","Tfrc"
"1458","Calm1_Mylk","Calm1","Mylk"
"1459","Calm2_Mylk","Calm2","Mylk"
"1460","Slit3_Robo1","Slit3","Robo1"
"1461","Slit2_Robo1","Slit2","Robo1"
"1462","Slit1_Robo1","Slit1","Robo1"
"1463","Ifng_Ifngr2","Ifng","Ifngr2"
"1464","Ifnb1_Ifnar1","Ifnb1","Ifnar1"
"1465","Ucn2_Il10rb","Ucn2","Il10rb"
"1466","Ucn3_Il10rb","Ucn3","Il10rb"
"1467","Ifnb1_Ifnar2","Ifnb1","Ifnar2"
"1468","Amh_Amhr2","Amh","Amhr2"
"1469","Wnt7b_Celsr3","Wnt7b","Celsr3"
"1470","Wnt7a_Celsr3","Wnt7a","Celsr3"
"1471","Igf2_Igf2r","Igf2","Igf2r"
"1472","Tnfsf12_Tnfrsf12a","Tnfsf12","Tnfrsf12a"
"1473","Sema6d_Trem2","Sema6d","Trem2"
"1474","Apoe_Trem2","Apoe","Trem2"
"1475","Lhb_Lhcgr","Lhb","Lhcgr"
"1476","Gnai2_Lhcgr","Gnai2","Lhcgr"
"1477","Gnas_Lhcgr","Gnas","Lhcgr"
"1478","Nrtn_Gfra3","Nrtn","Gfra3"
"1479","Artn_Gfra3","Artn","Gfra3"
"1480","Pdgfa_Pdgfrb","Pdgfa","Pdgfrb"
"1481","Pdgfc_Pdgfrb","Pdgfc","Pdgfrb"
"1482","Pdgfd_Pdgfrb","Pdgfd","Pdgfrb"
"1483","Mfge8_Pdgfrb","Mfge8","Pdgfrb"
"1484","Csf3_Csf1r","Csf3","Csf1r"
"1485","Il34_Csf1r","Il34","Csf1r"
"1486","Calm1_Fas","Calm1","Fas"
"1487","Fadd_Fas","Fadd","Fas"
"1488","Wnt7b_Lrp5","Wnt7b","Lrp5"
"1489","Apoe_Lrp5","Apoe","Lrp5"
"1490","Wnt7a_Lrp5","Wnt7a","Lrp5"
"1491","Tdgf1_Lrp5","Tdgf1","Lrp5"
"1492","Wnt5a_Lrp5","Wnt5a","Lrp5"
"1493","Nrtn_Gfra1","Nrtn","Gfra1"
"1494","Artn_Gfra1","Artn","Gfra1"
"1495","Gnas_Gcgr","Gnas","Gcgr"
"1496","Gcg_Gcgr","Gcg","Gcgr"
"1497","Thbs1_Itgb8","Thbs1","Itgb8"
"1498","Calm1_Mip","Calm1","Mip"
"1499","Alox5ap_Alox5","Alox5ap","Alox5"
"1500","S100a8_Ly96","S100a8","Ly96"
"1501","Cd14_Ly96","Cd14","Ly96"
"1502","Sftpd_Ly96","Sftpd","Ly96"
"1503","Hmgb1_Ly96","Hmgb1","Ly96"
"1504","Pf4_Ccr1","Pf4","Ccr1"
"1505","Ccl5_Ccr1","Ccl5","Ccr1"
"1506","Sema3d_Nrp1","Sema3d","Nrp1"
"1507","Sema3c_Nrp1","Sema3c","Nrp1"
"1508","Vegfa_Nrp1","Vegfa","Nrp1"
"1509","Sema3a_Nrp1","Sema3a","Nrp1"
"1510","Egf_Nrp1","Egf","Nrp1"
"1511","Fgf7_Nrp1","Fgf7","Nrp1"
"1512","Sema3b_Nrp1","Sema3b","Nrp1"
"1513","Ptn_Nrp1","Ptn","Nrp1"
"1514","Hgf_Nrp1","Hgf","Nrp1"
"1515","Cntn2_Nrp1","Cntn2","Nrp1"
"1516","Sema4a_Nrp1","Sema4a","Nrp1"
"1517","Fgf4_Nrp1","Fgf4","Nrp1"
"1518","Sema3e_Nrp1","Sema3e","Nrp1"
"1519","Fgf1_Nrp1","Fgf1","Nrp1"
"1520","Sema3f_Nrp1","Sema3f","Nrp1"
"1521","Fgf2_Nrp1","Fgf2","Nrp1"
"1522","L1cam_Nrp1","L1cam","Nrp1"
"1523","Adam10_Tspan17","Adam10","Tspan17"
"1524","Ntn1_Unc5a","Ntn1","Unc5a"
"1525","Pdyn_Oprk1","Pdyn","Oprk1"
"1526","Pth_Pth2r","Pth","Pth2r"
"1527","Pth2_Pth2r","Pth2","Pth2r"
"1528","Cp_Slc40a1","Cp","Slc40a1"
"1529","Cd86_Cd28","Cd86","Cd28"
"1530","Icosl_Cd28","Icosl","Cd28"
"1531","Il18_Il18rap","Il18","Il18rap"
"1532","Il1b_Il1r1","Il1b","Il1r1"
"1533","Il1a_Il1r1","Il1a","Il1r1"
"1534","Il1rn_Il1r1","Il1rn","Il1r1"
"1535","Il1b_Il1r2","Il1b","Il1r2"
"1536","Il1a_Il1r2","Il1a","Il1r2"
"1537","Il1rn_Il1r2","Il1rn","Il1r2"
"1538","Nms_Nmur1","Nms","Nmur1"
"1539","Nmu_Nmur1","Nmu","Nmur1"
"1540","Efna5_Epha4","Efna5","Epha4"
"1541","Efna1_Epha4","Efna1","Epha4"
"1542","Efnb1_Epha4","Efnb1","Epha4"
"1543","Efna3_Epha4","Efna3","Epha4"
"1544","Efna4_Epha4","Efna4","Epha4"
"1545","Pdcd1lg2_Pdcd1","Pdcd1lg2","Pdcd1"
"1546","Cd14_Cd55","Cd14","Cd55"
"1547","Psap_Gpr37l1","Psap","Gpr37l1"
"1548","Avp_Avpr1b","Avp","Avpr1b"
"1549","Podxl2_Sell","Podxl2","Sell"
"1550","Selplg_Sell","Selplg","Sell"
"1551","Calm1_Sell","Calm1","Sell"
"1552","Cfh_Sell","Cfh","Sell"
"1553","Bsg_Sele","Bsg","Sele"
"1554","Selplg_Sele","Selplg","Sele"
"1555","Sema3a_Plxna2","Sema3a","Plxna2"
"1556","Spp1_Itga8","Spp1","Itga8"
"1557","Npnt_Itga8","Npnt","Itga8"
"1558","Tnc_Itga8","Tnc","Itga8"
"1559","Il15_Il2ra","Il15","Il2ra"
"1560","Il2_Il2ra","Il2","Il2ra"
"1561","Tdgf1_Acvr1c","Tdgf1","Acvr1c"
"1562","Inhba_Acvr1c","Inhba","Acvr1c"
"1563","Nodal_Acvr1c","Nodal","Acvr1c"
"1564","Inhbb_Acvr1c","Inhbb","Acvr1c"
"1565","Gdf3_Acvr1c","Gdf3","Acvr1c"
"1566","Dll4_Notch1","Dll4","Notch1"
"1567","Adam10_Notch1","Adam10","Notch1"
"1568","Cntn6_Notch1","Cntn6","Notch1"
"1569","Rbp3_Notch1","Rbp3","Notch1"
"1570","Dll3_Notch1","Dll3","Notch1"
"1571","Psen1_Notch1","Psen1","Notch1"
"1572","Ccn3_Notch1","Ccn3","Notch1"
"1573","Dlk2_Notch1","Dlk2","Notch1"
"1574","Dlk1_Notch1","Dlk1","Notch1"
"1575","Fgf2_Notch1","Fgf2","Notch1"
"1576","Jag1_Notch1","Jag1","Notch1"
"1577","Jag2_Notch1","Jag2","Notch1"
"1578","Reln_Notch1","Reln","Notch1"
"1579","Egfl7_Notch1","Egfl7","Notch1"
"1580","Adam17_Notch1","Adam17","Notch1"
"1581","Mfap2_Notch1","Mfap2","Notch1"
"1582","Mfap5_Notch1","Mfap5","Notch1"
"1583","Wnt5a_Notch1","Wnt5a","Notch1"
"1584","Cd40lg_Traf2","Cd40lg","Traf2"
"1585","Tnfsf9_Traf2","Tnfsf9","Traf2"
"1586","Tnc_Itgb6","Tnc","Itgb6"
"1587","Dspp_Itgb6","Dspp","Itgb6"
"1588","Adam17_Itgb6","Adam17","Itgb6"
"1589","Thbs1_Itgb6","Thbs1","Itgb6"
"1590","Il1f8_Il1f5","Il1f8","Il1f5"
"1591","Adam10_Itgav","Adam10","Itgav"
"1592","Vwf_Itgav","Vwf","Itgav"
"1593","Angptl3_Itgav","Angptl3","Itgav"
"1594","Cx3cl1_Itgav","Cx3cl1","Itgav"
"1595","Hmgb1_Itgav","Hmgb1","Itgav"
"1596","Fbn1_Itgav","Fbn1","Itgav"
"1597","Cxcl12_Itgav","Cxcl12","Itgav"
"1598","Icam1_Itgav","Icam1","Itgav"
"1599","Fgg_Itgav","Fgg","Itgav"
"1600","Adam15_Itgav","Adam15","Itgav"
"1601","Tnc_Itgav","Tnc","Itgav"
"1602","Fgf2_Itgav","Fgf2","Itgav"
"1603","L1cam_Itgav","L1cam","Itgav"
"1604","Ccn1_Itgav","Ccn1","Itgav"
"1605","Postn_Itgav","Postn","Itgav"
"1606","Spp1_Itgav","Spp1","Itgav"
"1607","Vegfa_Itgav","Vegfa","Itgav"
"1608","Igf1_Itgav","Igf1","Itgav"
"1609","Adam9_Itgav","Adam9","Itgav"
"1610","Dspp_Itgav","Dspp","Itgav"
"1611","Egfl7_Itgav","Egfl7","Itgav"
"1612","Thbs1_Itgav","Thbs1","Itgav"
"1613","Mfge8_Itgav","Mfge8","Itgav"
"1614","Angpt2_Itgav","Angpt2","Itgav"
"1615","Mmp2_Itgav","Mmp2","Itgav"
"1616","Adam9_Itga6","Adam9","Itga6"
"1617","Adam17_Itga6","Adam17","Itga6"
"1618","Agrn_Lrp4","Agrn","Lrp4"
"1619","Wnt7a_Lrp4","Wnt7a","Lrp4"
"1620","Gas6_Tyro3","Gas6","Tyro3"
"1621","a_Atrn","a","Atrn"
"1622","Pf4_Procr","Pf4","Procr"
"1623","Proc_Procr","Proc","Procr"
"1624","Nppb_Npr1","Nppb","Npr1"
"1625","Nppa_Npr1","Nppa","Npr1"
"1626","Vegfa_Npr1","Vegfa","Npr1"
"1627","Adam10_Il6ra","Adam10","Il6ra"
"1628","Cd14_Tlr2","Cd14","Tlr2"
"1629","Hmgb1_Tlr2","Hmgb1","Tlr2"
"1630","Ccn1_Tlr2","Ccn1","Tlr2"
"1631","Vcan_Tlr2","Vcan","Tlr2"
"1632","Bgn_Tlr2","Bgn","Tlr2"
"1633","Npy_Npy2r","Npy","Npy2r"
"1634","Bdnf_Insrr","Bdnf","Insrr"
"1635","Ntf3_Ntrk1","Ntf3","Ntrk1"
"1636","Bdnf_Ntrk1","Bdnf","Ntrk1"
"1637","Ntf5_Ntrk1","Ntf5","Ntrk1"
"1638","Ngf_Ntrk1","Ngf","Ntrk1"
"1639","Crp_Fcgr1","Crp","Fcgr1"
"1640","Tfpi_F3","Tfpi","F3"
"1641","F7_F3","F7","F3"
"1642","Adam10_Tspan5","Adam10","Tspan5"
"1643","Tac1_Tacr3","Tac1","Tacr3"
"1644","Tac2_Tacr3","Tac2","Tacr3"
"1645","Gdf10_Bmpr1b","Gdf10","Bmpr1b"
"1646","Bmp6_Bmpr1b","Bmp6","Bmpr1b"
"1647","Gdf7_Bmpr1b","Gdf7","Bmpr1b"
"1648","Bmp4_Bmpr1b","Bmp4","Bmpr1b"
"1649","Gdf5_Bmpr1b","Gdf5","Bmpr1b"
"1650","Gdf6_Bmpr1b","Gdf6","Bmpr1b"
"1651","Bmp10_Bmpr1b","Bmp10","Bmpr1b"
"1652","Efna5_Epha7","Efna5","Epha7"
"1653","Efnb1_Epha7","Efnb1","Epha7"
"1654","Apoe_Abca1","Apoe","Abca1"
"1655","Pltp_Abca1","Pltp","Abca1"
"1656","Apoa1_Abca1","Apoa1","Abca1"
"1657","Nppb_Npr2","Nppb","Npr2"
"1658","Nppa_Npr2","Nppa","Npr2"
"1659","Wnt7a_Reck","Wnt7a","Reck"
"1660","Lep_Leprot","Lep","Leprot"
"1661","Grn_Tnfrsf1b","Grn","Tnfrsf1b"
"1662","Adam17_Tnfrsf1b","Adam17","Tnfrsf1b"
"1663","Efna5_Epha8","Efna5","Epha8"
"1664","Ihh_Ptch2","Ihh","Ptch2"
"1665","Tnfsf9_Tnfrsf9","Tnfsf9","Tnfrsf9"
"1666","Cck_Cckar","Cck","Cckar"
"1667","Fgf21_Klb","Fgf21","Klb"
"1668","Fgf15_Klb","Fgf15","Klb"
"1669","Gnrh1_Gnrhr","Gnrh1","Gnrhr"
"1670","Tgfb2_Tgfbr3","Tgfb2","Tgfbr3"
"1671","Inhba_Tgfbr3","Inhba","Tgfbr3"
"1672","Thbs1_Scarb2","Thbs1","Scarb2"
"1673","Bgn_P2rx4","Bgn","P2rx4"
"1674","Mmp14_Flt1","Mmp14","Flt1"
"1675","Vegfa_Flt1","Vegfa","Flt1"
"1676","Trf_Tfr2","Trf","Tfr2"
"1677","Adam10_Gpnmb","Adam10","Gpnmb"
"1678","S100a10_Trpv5","S100a10","Trpv5"
"1679","S100a10_Trpv6","S100a10","Trpv6"
"1680","Tac1_Tacr1","Tac1","Tacr1"
"1681","Tac2_Tacr1","Tac2","Tacr1"
"1682","Vwf_Gp9","Vwf","Gp9"
"1683","Nrtn_Ret","Nrtn","Ret"
"1684","Artn_Ret","Artn","Ret"
"1685","Shank3_Ret","Shank3","Ret"
"1686","Crp_Olr1","Crp","Olr1"
"1687","Apoe_Lrp6","Apoe","Lrp6"
"1688","Wnt8b_Lrp6","Wnt8b","Lrp6"
"1689","Sostdc1_Lrp6","Sostdc1","Lrp6"
"1690","Wnt4_Lrp6","Wnt4","Lrp6"
"1691","Apob_Lrp6","Apob","Lrp6"
"1692","Wnt5b_Lrp6","Wnt5b","Lrp6"
"1693","Dkk4_Lrp6","Dkk4","Lrp6"
"1694","Tdgf1_Lrp6","Tdgf1","Lrp6"
"1695","Pth_Lrp6","Pth","Lrp6"
"1696","Rspo3_Lrp6","Rspo3","Lrp6"
"1697","Wnt5a_Lrp6","Wnt5a","Lrp6"
"1698","Guca2b_Gucy2c","Guca2b","Gucy2c"
"1699","Grn_Tnfrsf1a","Grn","Tnfrsf1a"
"1700","Adam17_Tnfrsf1a","Adam17","Tnfrsf1a"
"1701","Fadd_Tnfrsf1a","Fadd","Tnfrsf1a"
"1702","Izumo1_Cd9","Izumo1","Cd9"
"1703","Adam17_Cd9","Adam17","Cd9"
"1704","Adam3_Cd9","Adam3","Cd9"
"1705","Slurp1_Chrna7","Slurp1","Chrna7"
"1706","Sema6d_Tyrobp","Sema6d","Tyrobp"
"1707","Clec4g_Tyrobp","Clec4g","Tyrobp"
"1708","Tnfsf9_Tmem126a","Tnfsf9","Tmem126a"
"1709","Fgf2_Lyve1","Fgf2","Lyve1"
"1710","Cck_Cckbr","Cck","Cckbr"
"1711","Fgf2_Gpc4","Fgf2","Gpc4"
"1712","Col18a1_Gpc4","Col18a1","Gpc4"
"1713","Lgals3_Il13ra2","Lgals3","Il13ra2"
"1714","Il15_Il2rg","Il15","Il2rg"
"1715","Il7_Il2rg","Il7","Il2rg"
"1716","Tac1_Grpr","Tac1","Grpr"
"1717","Grp_Grpr","Grp","Grpr"
"1718","Avp_Avpr2","Avp","Avpr2"
"1719","Amelx_Lamp1","Amelx","Lamp1"
"1720","Wnt7b_Adgra2","Wnt7b","Adgra2"
"1721","Cd14_Tlr3","Cd14","Tlr3"
"1722","Afdn_Nectin1","Afdn","Nectin1"
"1723","Psen1_Nectin1","Psen1","Nectin1"
"1724","Ntn1_Mcam","Ntn1","Mcam"
"1725","C1qtnf5_Mfrp","C1qtnf5","Mfrp"
"1726","Pcsk9_Ldlr","Pcsk9","Ldlr"
"1727","Apoe_Ldlr","Apoe","Ldlr"
"1728","Apob_Ldlr","Apob","Ldlr"
"1729","Lipc_Ldlr","Lipc","Ldlr"
"1730","Slpi_Plscr4","Slpi","Plscr4"
"1731","Prnd_Rpsa","Prnd","Rpsa"
"1732","Ptma_Vipr1","Ptma","Vipr1"
"1733","Adcyap1_Vipr1","Adcyap1","Vipr1"
"1734","Efnb1_Ephb1","Efnb1","Ephb1"
"1735","Mst1_Mst1r","Mst1","Mst1r"
"1736","Adam10_Tspan14","Adam10","Tspan14"
"1737","Rspo2_Lgr6","Rspo2","Lgr6"
"1738","Rspo3_Lgr6","Rspo3","Lgr6"
"1739","Rspo4_Lgr6","Rspo4","Lgr6"
"1740","Gdf10_Bmpr1a","Gdf10","Bmpr1a"
"1741","Bmp6_Bmpr1a","Bmp6","Bmpr1a"
"1742","Bmp8a_Bmpr1a","Bmp8a","Bmpr1a"
"1743","Gdf7_Bmpr1a","Gdf7","Bmpr1a"
"1744","Bmp4_Bmpr1a","Bmp4","Bmpr1a"
"1745","Gdf6_Bmpr1a","Gdf6","Bmpr1a"
"1746","Amh_Bmpr1a","Amh","Bmpr1a"
"1747","Cxcl12_Cmklr1","Cxcl12","Cmklr1"
"1748","Lep_Lepr","Lep","Lepr"
"1749","Ntf3_Ntrk3","Ntf3","Ntrk3"
"1750","Bdnf_Ntrk3","Bdnf","Ntrk3"
"1751","Ngf_Ntrk3","Ngf","Ntrk3"
"1752","Ccl1_Ccr8","Ccl1","Ccr8"
"1753","Flt3l_Flt3","Flt3l","Flt3"
"1754","Ccl5_Ccr3","Ccl5","Ccr3"
"1755","Ccl26_Ccr3","Ccl26","Ccr3"
"1756","Cxcl9_Ccr3","Cxcl9","Ccr3"
"1757","Ccl28_Ccr3","Ccl28","Ccr3"
"1758","Rspo3_Fzd8","Rspo3","Fzd8"
"1759","Wnt5a_Fzd8","Wnt5a","Fzd8"
"1760","Bdnf_Sorcs2","Bdnf","Sorcs2"
"1761","Ngf_Sorcs2","Ngf","Sorcs2"
"1762","Adam10_Tspan10","Adam10","Tspan10"
"1763","Icam1_Muc1","Icam1","Muc1"
"1764","Il22_Il22ra2","Il22","Il22ra2"
"1765","Gpc3_Cd81","Gpc3","Cd81"
"1766","Adam10_Lrp1","Adam10","Lrp1"
"1767","Vwf_Lrp1","Vwf","Lrp1"
"1768","Ctsd_Lrp1","Ctsd","Lrp1"
"1769","Pcsk9_Lrp1","Pcsk9","Lrp1"
"1770","Apoe_Lrp1","Apoe","Lrp1"
"1771","Hsp90aa1_Lrp1","Hsp90aa1","Lrp1"
"1772","Hspa1b_Lrp1","Hspa1b","Lrp1"
"1773","Thbs1_Lrp1","Thbs1","Lrp1"
"1774","Psap_Lrp1","Psap","Lrp1"
"1775","Cxcl12_Dpp4","Cxcl12","Dpp4"
"1776","Cxcl9_Dpp4","Cxcl9","Dpp4"
"1777","Gip_Dpp4","Gip","Dpp4"
"1778","Cxcl10_Dpp4","Cxcl10","Dpp4"
"1779","Gcg_Dpp4","Gcg","Dpp4"
"1780","Adcyap1_Dpp4","Adcyap1","Dpp4"
"1781","Spp1_Itga9","Spp1","Itga9"
"1782","Adam12_Itga9","Adam12","Itga9"
"1783","Tnc_Itga9","Tnc","Itga9"
"1784","Nms_Nmur2","Nms","Nmur2"
"1785","Cxcl2_Ackr1","Cxcl2","Ackr1"
"1786","Bsg_Slc16a1","Bsg","Slc16a1"
"1787","Cd14_Tlr4","Cd14","Tlr4"
"1788","Hmgb1_Tlr4","Hmgb1","Tlr4"
"1789","Fga_Tlr4","Fga","Tlr4"
"1790","Tnc_Tlr4","Tnc","Tlr4"
"1791","Cxcl10_Tlr4","Cxcl10","Tlr4"
"1792","Sftpd_Tlr4","Sftpd","Tlr4"
"1793","S100a9_Tlr4","S100a9","Tlr4"
"1794","S100a1_Tlr4","S100a1","Tlr4"
"1795","S100a8_Tlr4","S100a8","Tlr4"
"1796","Retn_Tlr4","Retn","Tlr4"
"1797","Npb_Npbwr1","Npb","Npbwr1"
"1798","Npw_Npbwr1","Npw","Npbwr1"
"1799","Bmp4_Hjv","Bmp4","Hjv"
"1800","Bmp6_Hjv","Bmp6","Hjv"
"1801","Uts2b_Uts2r","Uts2b","Uts2r"
"1802","Adam10_Tspan15","Adam10","Tspan15"
"1803","Vegfa_Gpc1","Vegfa","Gpc1"
"1804","Ihh_Gpc1","Ihh","Gpc1"
"1805","Col18a1_Gpc1","Col18a1","Gpc1"
"1806","Rspo2_Lgr4","Rspo2","Lgr4"
"1807","Rspo3_Lgr4","Rspo3","Lgr4"
"1808","Adcyap1_Ramp3","Adcyap1","Ramp3"
"1809","Adm2_Ramp3","Adm2","Ramp3"
"1810","Pon2_Htr2a","Pon2","Htr2a"
"1811","Tnfsf12_Tnfrsf25","Tnfsf12","Tnfrsf25"
"1812","Tnfsf15_Tnfrsf25","Tnfsf15","Tnfrsf25"
"1813","Cd14_C3ar1","Cd14","C3ar1"
"1814","Wnt5a_Ror1","Wnt5a","Ror1"
"1815","Vwf_Stab2","Vwf","Stab2"
"1816","Calm1_Trpc5","Calm1","Trpc5"
"1817","Hsp90aa1_Cftr","Hsp90aa1","Cftr"
"1818","Fyn_Spn","Fyn","Spn"
"1819","Icam1_Spn","Icam1","Spn"
"1820","Bsg_Spn","Bsg","Spn"
"1821","Lcn2_Slc22a17","Lcn2","Slc22a17"
"1822","Wnt7b_Fzd4","Wnt7b","Fzd4"
"1823","Wnt5a_Fzd4","Wnt5a","Fzd4"
"1824","Cxcl12_Oprd1","Cxcl12","Oprd1"
"1825","Gnai2_Oprd1","Gnai2","Oprd1"
"1826","Ccl27a_Ackr2","Ccl27a","Ackr2"
"1827","Ccl21a_Ackr2","Ccl21a","Ackr2"
"1828","Ccl28_Ackr2","Ccl28","Ackr2"
"1829","Efna5_Epha10","Efna5","Epha10"
"1830","Uts2b_Sstr5","Uts2b","Sstr5"
"1831","Sema4c_Plxnb2","Sema4c","Plxnb2"
"1832","Vwf_Gp5","Vwf","Gp5"
"1833","Psap_Gpr37","Psap","Gpr37"
"1834","Ccl20_Cxcr3","Ccl20","Cxcr3"
"1835","Ccl19_Cxcr3","Ccl19","Cxcr3"
"1836","Ccl21c_Cxcr3","Ccl21c","Cxcr3"
"1837","Ccl21d_Cxcr3","Ccl21d","Cxcr3"
"1838","Cxcl9_Cxcr3","Cxcl9","Cxcr3"
"1839","Ccl21b_Cxcr3","Ccl21b","Cxcr3"
"1840","Ccl21a_Cxcr3","Ccl21a","Cxcr3"
"1841","Pdcd1lg2_Pdcd2","Pdcd1lg2","Pdcd2"
"1842","Liph_Lpar1","Liph","Lpar1"
"1843","Gnai2_Mtnr1b","Gnai2","Mtnr1b"
"1844","Rtn4_S1pr2","Rtn4","S1pr2"
"1845","Hmgb1_Cxcr4","Hmgb1","Cxcr4"
"1846","Cxcl12_Cxcr4","Cxcl12","Cxcr4"
"1847","Wnt5a_Fzd9","Wnt5a","Fzd9"
"1848","Apela_Aplnr","Apela","Aplnr"
"1849","Cd200_Cd200r1","Cd200","Cd200r1"
"1850","Lama2_Itga2","Lama2","Itga2"
"1851","Vwf_Itga2","Vwf","Itga2"
"1852","Tnc_Itga2","Tnc","Itga2"
"1853","Col4a3_Itga2","Col4a3","Itga2"
"1854","Col8a1_Itga2","Col8a1","Itga2"
"1855","Adam10_Erbb2","Adam10","Erbb2"
"1856","Btc_Erbb2","Btc","Erbb2"
"1857","L1cam_Erbb2","L1cam","Erbb2"
"1858","Nrg1_Erbb2","Nrg1","Erbb2"
"1859","Gnai2_Cnr1","Gnai2","Cnr1"
"1860","Nps_Npsr1","Nps","Npsr1"
"1861","Prok1_Prokr2","Prok1","Prokr2"
"1862","Vwf_Gp1ba","Vwf","Gp1ba"
"1863","Apoe_Sorl1","Apoe","Sorl1"
"1864","Wnt7b_Fzd1","Wnt7b","Fzd1"
"1865","Wnt5a_Fzd1","Wnt5a","Fzd1"
"1866","Insl5_Rxfp4","Insl5","Rxfp4"
"1867","Prok1_Prokr1","Prok1","Prokr1"
"1868","Rtn4_Lingo1","Rtn4","Lingo1"
"1869","Omg_Lingo1","Omg","Lingo1"
"1870","Vwf_Gp1bb","Vwf","Gp1bb"
"1871","Efna5_Epha5","Efna5","Epha5"
"1872","Hmgb1_Tlr1","Hmgb1","Tlr1"
"1873","Ghrl_Ghsr","Ghrl","Ghsr"
"1874","Gcg_Glp2r","Gcg","Glp2r"
"1875","Adam12_Tgfbr2","Adam12","Tgfbr2"
"1876","Ccl27b_Ccr10","Ccl27b","Ccr10"
"1877","Ccl27a_Ccr10","Ccl27a","Ccr10"
"1878","Ccl28_Ccr10","Ccl28","Ccr10"
"1879","Rtn3_Rtn4r","Rtn3","Rtn4r"
"1880","Omg_Rtn4r","Omg","Rtn4r"
"1881","Rtn4_Rtn4r","Rtn4","Rtn4r"
"1882","Prlh_Prlhr","Prlh","Prlhr"
"1883","Calm1_Kcnq3","Calm1","Kcnq3"
"1884","Prl8a2_Pgr","Prl8a2","Pgr"
"1885","Ntn1_Neo1","Ntn1","Neo1"
"1886","Rgmb_Neo1","Rgmb","Neo1"
"1887","Rgma_Neo1","Rgma","Neo1"
"1888","Cxcl12_Gpr17","Cxcl12","Gpr17"
"1889","Adcyap1_Adcyap1r1","Adcyap1","Adcyap1r1"
"1890","Ccl26_Cx3cr1","Ccl26","Cx3cr1"
"1891","Hspg2_Ptprs","Hspg2","Ptprs"
"1892","Bsg_Slc16a7","Bsg","Slc16a7"
"1893","Efna5_Epha3","Efna5","Epha3"
"1894","Efna5_Epha6","Efna5","Epha6"
"1895","Nppb_Npr3","Nppb","Npr3"
"1896","Nppa_Npr3","Nppa","Npr3"
"1897","Ostn_Npr3","Ostn","Npr3"
"1898","Bmp4_Acvr2a","Bmp4","Acvr2a"
"1899","Lefty2_Acvr2a","Lefty2","Acvr2a"
"1900","Cthrc1_Fzd5","Cthrc1","Fzd5"
"1901","Hmgb1_Itgam","Hmgb1","Itgam"
"1902","Icam1_Itgam","Icam1","Itgam"
"1903","Cfh_Itgam","Cfh","Itgam"
"1904","Hp_Itgam","Hp","Itgam"
"1905","Cxcl12_Ackr3","Cxcl12","Ackr3"
"1906","Col18a1_Itgb5","Col18a1","Itgb5"
"1907","Spp1_Itgb5","Spp1","Itgb5"
"1908","Adam9_Itgb5","Adam9","Itgb5"
"1909","Gh_Ghr","Gh","Ghr"
"1910","Cxcl12_Agtr1a","Cxcl12","Agtr1a"
"1911","Efna5_Epha1","Efna5","Epha1"
"1912","Afdn_Nectin2","Afdn","Nectin2"
"1913","Ccl19_Ackr4","Ccl19","Ackr4"
"1914","Ntn1_Unc5b","Ntn1","Unc5b"
"1915","Col8a1_Itga1","Col8a1","Itga1"
"1916","Ngf_Sorcs3","Ngf","Sorcs3"
"1917","Ihh_Hhip","Ihh","Hhip"
"1918","Vwf_Tnfrsf11b","Vwf","Tnfrsf11b"
"1919","Dll4_Notch2","Dll4","Notch2"
"1920","Dll3_Notch2","Dll3","Notch2"
"1921","Psen1_Notch2","Psen1","Notch2"
"1922","Dlk1_Notch2","Dlk1","Notch2"
"1923","Egfl7_Notch2","Egfl7","Notch2"
"1924","Ntf3_Ntrk2","Ntf3","Ntrk2"
"1925","Apoe_Lrp2","Apoe","Lrp2"
"1926","Selenop_Lrp2","Selenop","Lrp2"
"1927","Tcn2_Lrp2","Tcn2","Lrp2"
"1928","Cubn_Lrp2","Cubn","Lrp2"
"1929","Nrg3_Erbb3","Nrg3","Erbb3"
"1930","Nrg2_Erbb3","Nrg2","Erbb3"
"1931","L1cam_Erbb3","L1cam","Erbb3"
"1932","Fgf3_Fgfr1","Fgf3","Fgfr1"
"1933","Fgf11_Fgfr1","Fgf11","Fgfr1"
"1934","Ncam1_Fgfr1","Ncam1","Fgfr1"
"1935","Fgf14_Fgfr1","Fgf14","Fgfr1"
"1936","Fgf12_Fgfr1","Fgf12","Fgfr1"
"1937","Colq_Musk","Colq","Musk"
"1938","Agrn_Musk","Agrn","Musk"
"1939","Wnt11_Musk","Wnt11","Musk"
"1940","Calm1_Scn10a","Calm1","Scn10a"
"1941","Hmgb1_Tlr9","Hmgb1","Tlr9"
"1942","Apoe_Scarb1","Apoe","Scarb1"
"1943","Ptn_Alk","Ptn","Alk"
"1944","Alkal1_Alk","Alkal1","Alk"
"1945","Gdf2_Alk","Gdf2","Alk"
"1946","Bmp6_Bmpr2","Bmp6","Bmpr2"
"1947","Gdf2_Bmpr2","Gdf2","Bmpr2"
"1948","Dll4_Notch3","Dll4","Notch3"
"1949","Dll3_Notch3","Dll3","Notch3"
"1950","Psen1_Notch3","Psen1","Notch3"
"1951","Dlk1_Notch3","Dlk1","Notch3"
"1952","Egfl7_Notch3","Egfl7","Notch3"
"1953","Thbs2_Notch3","Thbs2","Notch3"
"1954","Fgf3_Fgfr3","Fgf3","Fgfr3"
"1955","Fgf11_Fgfr3","Fgf11","Fgfr3"
"1956","Fgf14_Fgfr3","Fgf14","Fgfr3"
"1957","Hsp90aa1_Fgfr3","Hsp90aa1","Fgfr3"
"1958","Fgf12_Fgfr3","Fgf12","Fgfr3"
"1959","Col4a6_Itgb1","Col4a6","Itgb1"
"1960","Col4a5_Itgb1","Col4a5","Itgb1"
"1961","Fga_Itgb1","Fga","Itgb1"
"1962","Jam2_Itgb1","Jam2","Itgb1"
"1963","Tnc_Itgb1","Tnc","Itgb1"
"1964","Hspg2_Itgb1","Hspg2","Itgb1"
"1965","Col4a3_Itgb1","Col4a3","Itgb1"
"1966","L1cam_Itgb1","L1cam","Itgb1"
"1967","Spp1_Itgb1","Spp1","Itgb1"
"1968","Lama2_Itgb1","Lama2","Itgb1"
"1969","Reln_Itgb1","Reln","Itgb1"
"1970","Lgals3_Itgb1","Lgals3","Itgb1"
"1971","Ptn_Ptprz1","Ptn","Ptprz1"
"1972","Vegfa_Ptprz1","Vegfa","Ptprz1"
"1973","Gdf10_Acvr1","Gdf10","Acvr1"
"1974","Bmp6_Acvr1","Bmp6","Acvr1"
"1975","Gdf2_Acvr1","Gdf2","Acvr1"
"1976","Igf2_Insr","Igf2","Insr"
"1977","Ptn_Ptprb","Ptn","Ptprb"
"1978","Vegfa_Ptprb","Vegfa","Ptprb"
"1979","Gip_Gipr","Gip","Gipr"
"1980","Il1rn_Il1rl2","Il1rn","Il1rl2"
"1981","Ccl20_Ccr6","Ccl20","Ccr6"
"1982","Il19_Il20rb","Il19","Il20rb"
"1983","Il24_Il20rb","Il24","Il20rb"
"1984","Tnc_Itga7","Tnc","Itga7"
"1985","Col4a6_Cd93","Col4a6","Cd93"
"1986","Gng13_Kcnj6","Gng13","Kcnj6"
"1987","Gng2_Kcnj6","Gng2","Kcnj6"
"1988","Gng12_Kcnj6","Gng12","Kcnj6"
"1989","Gnb4_Kcnj6","Gnb4","Kcnj6"
"1990","Camp_P2rx7","Camp","P2rx7"
"1991","Vwf_Itga2b","Vwf","Itga2b"
"1992","Fga_Itga2b","Fga","Itga2b"
"1993","Reln_Itga2b","Reln","Itga2b"
"1994","Rtn4_Cntnap1","Rtn4","Cntnap1"
"1995","Ccl19_Ccr7","Ccl19","Ccr7"
"1996","Ccl21c_Ccr7","Ccl21c","Ccr7"
"1997","Ccl21b_Ccr7","Ccl21b","Ccr7"
"1998","Sftpa1_Sirpa","Sftpa1","Sirpa"
"1999","Omg_Rtn4rl1","Omg","Rtn4rl1"
"2000","Ngf_Trpv1","Ngf","Trpv1"
"2001","Il24_Il22ra1","Il24","Il22ra1"
"2002","Ngf_Sort1","Ngf","Sort1"
"2003","Vwf_Itga4","Vwf","Itga4"
"2004","Jam2_Itga4","Jam2","Itga4"
"2005","Spp1_Itga4","Spp1","Itga4"
"2006","Thpo_Mpl","Thpo","Mpl"
"2007","Cd200_Cd200r2","Cd200","Cd200r2"
"2008","Icosl_Icos","Icosl","Icos"
"2009","Agrn_Atp1a3","Agrn","Atp1a3"
"2010","Slit2_Robo4","Slit2","Robo4"
"2011","Cntf_Cntfr","Cntf","Cntfr"
"2012","Hspg2_Col13a1","Hspg2","Col13a1"
"2013","Calm1_Oprm1","Calm1","Oprm1"
"2014","Ntn1_Unc5c","Ntn1","Unc5c"
"2015","Lgals3_Itgb4","Lgals3","Itgb4"
"2016","Apoe_Lrp8","Apoe","Lrp8"
"2017","Selenop_Lrp8","Selenop","Lrp8"
"2018","Reln_Lrp8","Reln","Lrp8"
"2019","Tctn1_Tmem67","Tctn1","Tmem67"
"2020","Nxph1_Nrxn2","Nxph1","Nrxn2"
"2021","Vegfa_Kdr","Vegfa","Kdr"
"2022","Vegfa_Nrp2","Vegfa","Nrp2"
"2023","Wnt11_Fzd7","Wnt11","Fzd7"
"2024","Slit2_Robo3","Slit2","Robo3"
"2025","Sema6b_Plxna4","Sema6b","Plxna4"
"2026","Slit2_Robo2","Slit2","Robo2"
"2027","Ihh_Cdon","Ihh","Cdon"
"2028","Nrg3_Erbb4","Nrg3","Erbb4"
"2029","Nrg4_Erbb4","Nrg4","Erbb4"
"2030","Adamts3_Ccbe1","Adamts3","Ccbe1"
"2031","Bmp6_Acvr2b","Bmp6","Acvr2b"
"2032","Pdgfd_Pdgfra","Pdgfd","Pdgfra"
"2033","Apoe_Vldlr","Apoe","Vldlr"
